"delivery_id","total_cbm","delivery_date","metro_name","city","zip","population","lat","lng"
"28466",0.78648,2022-01-25,"Los Angeles, CA",Los Angeles,"90001",59832.0,33.97398,-118.24955
"32246",0.493039,2022-02-08,"Los Angeles, CA",Los Angeles,"90005",39732.0,34.05912,-118.30654
"28028",0.248724,2022-01-21,"Los Angeles, CA",Los Angeles,"90005",39732.0,34.05912,-118.30654
"33756",2.34578,2022-02-11,"Los Angeles, CA",Los Angeles,"90005",39732.0,34.05912,-118.30654
"25714",2.047446,2022-01-12,"Los Angeles, CA",Los Angeles,"90005",39732.0,34.05912,-118.30654
"25450",1.69912,2022-01-11,"Los Angeles, CA",Los Angeles,"90005",39732.0,34.05912,-118.30654
"31515",0.4,2022-02-08,"Los Angeles, CA",Los Angeles,"90007",42433.0,34.02809,-118.28489
"25107",0.5329309,2022-01-31,"Los Angeles, CA",Los Angeles,"90011",111165.0,34.00714,-118.25874
"25442",0.7622745,2022-01-11,"Los Angeles, CA",Los Angeles,"90013",12559.0,34.04481,-118.24033
"36871",0.300762,2022-03-01,"Los Angeles, CA",Los Angeles,"90013",12559.0,34.04481,-118.24033
"35045",0.448546,2022-02-17,"Los Angeles, CA",Los Angeles,"90013",12559.0,34.04481,-118.24033
"24991",0.5329309,2022-01-10,"Los Angeles, CA",Los Angeles,"90013",12559.0,34.04481,-118.24033
"28726",0.5472,2022-01-27,"Los Angeles, CA",Los Angeles,"90015",22651.0,34.03939,-118.26645
"37738",1.69912,2022-03-04,"Los Angeles, CA",Los Angeles,"90015",22651.0,34.03939,-118.26645
"33970",0.532753,2022-02-14,"Los Angeles, CA",Los Angeles,"90015",22651.0,34.03939,-118.26645
"35493",0.45276,2022-02-22,"Los Angeles, CA",Los Angeles,"90015",22651.0,34.03939,-118.26645
"29558",0.629578125,2022-01-28,"Los Angeles, CA",Los Angeles,"90015",22651.0,34.03939,-118.26645
"34781",2.902146,2022-02-17,"Los Angeles, CA",Los Angeles,"90015",22651.0,34.03939,-118.26645
"29209",0.5472,2022-01-28,"Los Angeles, CA",Los Angeles,"90015",22651.0,34.03939,-118.26645
"27333",1.507846,2022-01-20,"Los Angeles, CA",Los Angeles,"90015",22651.0,34.03939,-118.26645
"35700",0.571144,2022-02-23,"Los Angeles, CA",Los Angeles,"90017",27723.0,34.05291,-118.2643
"29366",0.5472,2022-01-28,"Los Angeles, CA",Los Angeles,"90017",27723.0,34.05291,-118.2643
"24704",1.9634719999999999,2022-01-24,"Los Angeles, CA",Los Angeles,"90017",27723.0,34.05291,-118.2643
"37681",1.075604,2022-03-04,"Los Angeles, CA",Los Angeles,"90017",27723.0,34.05291,-118.2643
"34204",1.507846,2022-02-15,"Los Angeles, CA",Los Angeles,"90017",27723.0,34.05291,-118.2643
"02838",0.6018309,2022-01-14,"Los Angeles, CA",Los Angeles,"90017",27723.0,34.05291,-118.2643
"35455",1.0972325,2022-02-18,"Los Angeles, CA",Los Angeles,"90019",64534.0,34.04864,-118.33868
"27133",2.34578,2022-01-20,"Los Angeles, CA",Los Angeles,"90019",64534.0,34.04864,-118.33868
"31321",1.075604,2022-02-04,"Los Angeles, CA",Los Angeles,"90019",64534.0,34.04864,-118.33868
"26777",0.56496,2022-01-18,"Los Angeles, CA",Los Angeles,"90019",64534.0,34.04864,-118.33868
"33578",0.5329309,2022-02-11,"Los Angeles, CA",Los Angeles,"90021",2945.0,34.02931,-118.23873
"30379",2.0407769,2022-02-02,"Los Angeles, CA",Los Angeles,"90021",2945.0,34.02931,-118.23873
"28692",1.467576,2022-01-27,"Los Angeles, CA",Los Angeles,"90023",46680.0,34.02276,-118.19989
"35722",1.770334,2022-02-23,"Los Angeles, CA",Los Angeles,"90025",46883.0,34.04544,-118.44586
"32480",0.57900375,2022-02-09,"Los Angeles, CA",Los Angeles,"90025",46883.0,34.04544,-118.44586
"29824",2.219184,2022-02-03,"Los Angeles, CA",Los Angeles,"90025",46883.0,34.04544,-118.44586
"33344",0.820736,2022-02-15,"Los Angeles, CA",Los Angeles,"90025",46883.0,34.04544,-118.44586
"29696",0.45694,2022-02-14,"Los Angeles, CA",Los Angeles,"90025",46883.0,34.04544,-118.44586
"26985",1.610325,2022-01-19,"Los Angeles, CA",Los Angeles,"90025",46883.0,34.04544,-118.44586
"25497",1.08527325,2022-01-12,"Los Angeles, CA",Los Angeles,"90025",46883.0,34.04544,-118.44586
"26695",0.48,2022-02-08,"Los Angeles, CA",Los Angeles,"90025",46883.0,34.04544,-118.44586
"34550",1.0972325,2022-02-16,"Los Angeles, CA",Los Angeles,"90025",46883.0,34.04544,-118.44586
"33800",1.41522,2022-02-14,"Los Angeles, CA",Los Angeles,"90025",46883.0,34.04544,-118.44586
"33807",0.7622745,2022-02-14,"Los Angeles, CA",Los Angeles,"90025",46883.0,34.04544,-118.44586
"35351",2.815306,2022-02-18,"Los Angeles, CA",Los Angeles,"90025",46883.0,34.04544,-118.44586
"30509",1.423872,2022-02-02,"Los Angeles, CA",Los Angeles,"90025",46883.0,34.04544,-118.44586
"27782",0.858735,2022-01-21,"Los Angeles, CA",Los Angeles,"90025",46883.0,34.04544,-118.44586
"26067",0.977563125,2022-01-14,"Los Angeles, CA",Los Angeles,"90025",46883.0,34.04544,-118.44586
"25311",1.5974995,2022-01-11,"Los Angeles, CA",Los Angeles,"90025",46883.0,34.04544,-118.44586
"36255",1.577123,2022-02-24,"Los Angeles, CA",Los Angeles,"90027",44770.0,34.12521,-118.29057
"35739",0.248724,2022-02-23,"Los Angeles, CA",Los Angeles,"90027",44770.0,34.12521,-118.29057
"30108",1.9561439999999999,2022-02-04,"Los Angeles, CA",Los Angeles,"90027",44770.0,34.12521,-118.29057
"32658",0.5472,2022-02-08,"Los Angeles, CA",Los Angeles,"90027",44770.0,34.12521,-118.29057
"34385",0.469721424,2022-02-16,"Los Angeles, CA",Los Angeles,"90027",44770.0,34.12521,-118.29057
"32768",0.5472,2022-02-09,"Los Angeles, CA",Los Angeles,"90027",44770.0,34.12521,-118.29057
"32025",0.187704,2022-02-08,"Los Angeles, CA",Los Angeles,"90027",44770.0,34.12521,-118.29057
"30071",0.187704,2022-02-01,"Los Angeles, CA",Los Angeles,"90027",44770.0,34.12521,-118.29057
"34388",0.48,2022-02-16,"Los Angeles, CA",Los Angeles,"90027",44770.0,34.12521,-118.29057
"36614",2.237532,2022-03-01,"Los Angeles, CA",Los Angeles,"90027",44770.0,34.12521,-118.29057
"02624",0.5472,2022-02-23,"Los Angeles, CA",Los Angeles,"90027",44770.0,34.12521,-118.29057
"28394",2.519981,2022-01-31,"Los Angeles, CA",Los Angeles,"90027",44770.0,34.12521,-118.29057
"28815",0.5472,2022-01-26,"Los Angeles, CA",Los Angeles,"90027",44770.0,34.12521,-118.29057
"32836",0.5396,2022-02-10,"Los Angeles, CA",Los Angeles,"90027",44770.0,34.12521,-118.29057
"09325",0.187704,2022-01-27,"Los Angeles, CA",Los Angeles,"90027",44770.0,34.12521,-118.29057
"34034",1.197468,2022-02-14,"Los Angeles, CA",Los Angeles,"90027",44770.0,34.12521,-118.29057
"32897",1.610325,2022-02-10,"Los Angeles, CA",Los Angeles,"90027",44770.0,34.12521,-118.29057
"30173",1.507846,2022-02-01,"Los Angeles, CA",Los Angeles,"90027",44770.0,34.12521,-118.29057
"23851",2.237532,2022-01-19,"Los Angeles, CA",Los Angeles,"90027",44770.0,34.12521,-118.29057
"23397",0.36332425,2022-01-10,"Los Angeles, CA",Los Angeles,"90027",44770.0,34.12521,-118.29057
"24723",0.367821888,2022-01-17,"Los Angeles, CA",Los Angeles,"90027",44770.0,34.12521,-118.29057
"26411",3.543199,2022-01-18,"Los Angeles, CA",Los Angeles,"90027",44770.0,34.12521,-118.29057
"36851",0.5472,2022-03-01,"Los Angeles, CA",Los Angeles,"90029",36668.0,34.08984,-118.29471
"31690",0.4,2022-02-07,"Los Angeles, CA",Los Angeles,"90029",36668.0,34.08984,-118.29471
"34045",0.532753,2022-02-14,"Los Angeles, CA",Los Angeles,"90029",36668.0,34.08984,-118.29471
"27568",0.248724,2022-01-27,"Los Angeles, CA",Los Angeles,"90031",39916.0,34.08022,-118.21073
"37039",0.5329309,2022-03-02,"Los Angeles, CA",Los Angeles,"90035",27272.0,34.05182,-118.38351
"34382",0.407067,2022-02-16,"Los Angeles, CA",Los Angeles,"90035",27272.0,34.05182,-118.38351
"32412",1.5974995,2022-02-09,"Los Angeles, CA",Los Angeles,"90035",27272.0,34.05182,-118.38351
"34430",1.41522,2022-02-16,"Los Angeles, CA",Los Angeles,"90035",27272.0,34.05182,-118.38351
"25366",0.986078,2022-01-18,"Los Angeles, CA",Los Angeles,"90035",27272.0,34.05182,-118.38351
"28770",0.5472,2022-01-27,"Los Angeles, CA",Los Angeles,"90035",27272.0,34.05182,-118.38351
"30417",3.543199,2022-02-16,"Los Angeles, CA",Los Angeles,"90035",27272.0,34.05182,-118.38351
"27698",1.023178008,2022-01-20,"Los Angeles, CA",Los Angeles,"90035",27272.0,34.05182,-118.38351
"28067",0.320131,2022-01-24,"Los Angeles, CA",Los Angeles,"90035",27272.0,34.05182,-118.38351
"28731",0.5472,2022-01-26,"Los Angeles, CA",Los Angeles,"90035",27272.0,34.05182,-118.38351
"31286",0.56496,2022-02-04,"Los Angeles, CA",Los Angeles,"90039",29510.0,34.1118,-118.26001
"30210",0.248724,2022-02-01,"Los Angeles, CA",Los Angeles,"90039",29510.0,34.1118,-118.26001
"26847",1.610325,2022-01-19,"Los Angeles, CA",Los Angeles,"90039",29510.0,34.1118,-118.26001
"27415",0.248724,2022-01-21,"Los Angeles, CA",Los Angeles,"90039",29510.0,34.1118,-118.26001
"25401",1.5860980000000002,2022-01-17,"Los Angeles, CA",Los Angeles,"90039",29510.0,34.1118,-118.26001
"34647",1.6341976200000001,2022-02-16,"Los Angeles, CA",Los Angeles,"90039",29510.0,34.1118,-118.26001
"30255",0.571144,2022-02-04,"Los Angeles, CA",Los Angeles,"90039",29510.0,34.1118,-118.26001
"35006",0.8281007499999999,2022-02-17,"Los Angeles, CA",Los Angeles,"90039",29510.0,34.1118,-118.26001
"23076",0.187704,2022-01-27,"Los Angeles, CA",Los Angeles,"90039",29510.0,34.1118,-118.26001
"29623",1.69912,2022-01-28,"Los Angeles, CA",Los Angeles,"90041",29090.0,34.13765,-118.20762
"32792",0.57900375,2022-02-09,"Los Angeles, CA",Los Angeles,"90041",29090.0,34.13765,-118.20762
"24839",0.9701835,2022-01-10,"Los Angeles, CA",Los Angeles,"90041",29090.0,34.13765,-118.20762
"29774",1.69912,2022-01-31,"Los Angeles, CA",Los Angeles,"90041",29090.0,34.13765,-118.20762
"28823",0.57900375,2022-01-28,"Los Angeles, CA",Los Angeles,"90041",29090.0,34.13765,-118.20762
"27388",0.248724,2022-01-27,"Los Angeles, CA",Los Angeles,"90043",45873.0,33.98886,-118.33517
"02692",0.57900375,2022-02-23,"Los Angeles, CA",Los Angeles,"90043",45873.0,33.98886,-118.33517
"31403",0.248724,2022-02-07,"Los Angeles, CA",Los Angeles,"90043",45873.0,33.98886,-118.33517
"29399",0.5472,2022-01-31,"Los Angeles, CA",Los Angeles,"90043",45873.0,33.98886,-118.33517
"27739",0.500118,2022-01-21,"Los Angeles, CA",Los Angeles,"90045",40567.0,33.95297,-118.40014
"33945",1.197468,2022-02-15,"Los Angeles, CA",Los Angeles,"90045",40567.0,33.95297,-118.40014
"33998",0.448546,2022-02-14,"Los Angeles, CA",Los Angeles,"90045",40567.0,33.95297,-118.40014
"31737",0.407067,2022-02-07,"Los Angeles, CA",Los Angeles,"90045",40567.0,33.95297,-118.40014
"30803",1.3961145,2022-02-03,"Los Angeles, CA",Los Angeles,"90045",40567.0,33.95297,-118.40014
"32804",1.69912,2022-02-09,"Los Angeles, CA",Los Angeles,"90045",40567.0,33.95297,-118.40014
"24719",2.278572,2022-01-10,"Los Angeles, CA",Los Angeles,"90045",40567.0,33.95297,-118.40014
"33975",0.532753,2022-02-14,"Los Angeles, CA",Los Angeles,"90047",51411.0,33.9545,-118.309
"34463",0.986078,2022-02-16,"Los Angeles, CA",Los Angeles,"90047",51411.0,33.9545,-118.309
"36811",1.877885,2022-03-01,"Los Angeles, CA",Los Angeles,"90049",36418.0,34.08718,-118.48925
"35108",0.858735,2022-02-18,"Los Angeles, CA",Los Angeles,"90049",36418.0,34.08718,-118.48925
"35158",0.977563125,2022-02-18,"Los Angeles, CA",Los Angeles,"90049",36418.0,34.08718,-118.48925
"25059",0.5329309,2022-01-31,"Los Angeles, CA",Los Angeles,"90049",36418.0,34.08718,-118.48925
"27355",0.248724,2022-01-25,"Los Angeles, CA",Los Angeles,"90049",36418.0,34.08718,-118.48925
"27582",2.20008,2022-01-20,"Los Angeles, CA",Los Angeles,"90049",36418.0,34.08718,-118.48925
"30043",0.57564675,2022-02-03,"Los Angeles, CA",Los Angeles,"90049",36418.0,34.08718,-118.48925
"28011",1.770334,2022-01-21,"Los Angeles, CA",Los Angeles,"90049",36418.0,34.08718,-118.48925
"25782",0.858735,2022-01-12,"Los Angeles, CA",Los Angeles,"90049",36418.0,34.08718,-118.48925
"25280",0.6018309,2022-01-11,"Los Angeles, CA",Los Angeles,"90049",36418.0,34.08718,-118.48925
"27530",0.9753725,2022-01-25,"Los Angeles, CA",Los Angeles,"90057",50152.0,34.06224,-118.27716
"25300",0.9564095,2022-01-24,"Los Angeles, CA",Los Angeles,"90057",50152.0,34.06224,-118.27716
"34025",1.448404875,2022-02-14,"Los Angeles, CA",Los Angeles,"90057",50152.0,34.06224,-118.27716
"36848",0.300762,2022-03-01,"Los Angeles, CA",Los Angeles,"90061",27873.0,33.92045,-118.27403
"32846",2.239903125,2022-02-10,"Los Angeles, CA",Los Angeles,"90063",53980.0,34.0451,-118.18597
"36648",2.519981,2022-02-28,"Los Angeles, CA",Los Angeles,"90065",46461.0,34.10889,-118.22759
"34536",0.5472,2022-02-16,"Los Angeles, CA",Los Angeles,"90065",46461.0,34.10889,-118.22759
"25861",0.5329309,2022-02-03,"Los Angeles, CA",Los Angeles,"90065",46461.0,34.10889,-118.22759
"32537",0.57900375,2022-02-09,"Los Angeles, CA",Los Angeles,"90065",46461.0,34.10889,-118.22759
"36250",0.5472,2022-02-24,"Los Angeles, CA",Los Angeles,"90065",46461.0,34.10889,-118.22759
"26920",0.477057,2022-01-19,"Los Angeles, CA",Los Angeles,"90065",46461.0,34.10889,-118.22759
"34086",0.532753,2022-02-14,"Los Angeles, CA",Los Angeles,"90065",46461.0,34.10889,-118.22759
"33776",0.532753,2022-02-11,"Los Angeles, CA",Los Angeles,"90065",46461.0,34.10889,-118.22759
"25921",0.6018309,2022-02-04,"Los Angeles, CA",Los Angeles,"90065",46461.0,34.10889,-118.22759
"27016",0.477057,2022-01-19,"Los Angeles, CA",Los Angeles,"90065",46461.0,34.10889,-118.22759
"31752",0.4,2022-02-07,"Los Angeles, CA",Los Angeles,"90067",2428.0,34.0577,-118.41402
"32550",0.57900375,2022-02-22,"Los Angeles, CA",Los Angeles,"90067",2428.0,34.0577,-118.41402
"36804",2.1777895000000003,2022-03-01,"Los Angeles, CA",West Hollywood,"90069",20230.0,34.09386,-118.38171
"24984",0.5329309,2022-01-31,"Los Angeles, CA",West Hollywood,"90069",20230.0,34.09386,-118.38171
"30105",0.5472,2022-02-01,"Los Angeles, CA",West Hollywood,"90069",20230.0,34.09386,-118.38171
"30626",0.744533,2022-02-02,"Los Angeles, CA",West Hollywood,"90069",20230.0,34.09386,-118.38171
"30260",0.248724,2022-02-01,"Los Angeles, CA",West Hollywood,"90069",20230.0,34.09386,-118.38171
"25028",1.0210155,2022-01-11,"Los Angeles, CA",West Hollywood,"90069",20230.0,34.09386,-118.38171
"25681",1.69912,2022-01-12,"Los Angeles, CA",West Hollywood,"90069",20230.0,34.09386,-118.38171
"27949",0.493039,2022-01-21,"Los Angeles, CA",Beverly Hills,"90210",19314.0,34.10103,-118.41475
"27338",0.625118,2022-01-20,"Los Angeles, CA",Compton,"90222",33200.0,33.91238,-118.2365
"36761",0.625118,2022-03-01,"Los Angeles, CA",Compton,"90222",33200.0,33.91238,-118.2365
"31260",0.625118,2022-02-11,"Los Angeles, CA",Compton,"90222",33200.0,33.91238,-118.2365
"33623",0.6070455,2022-02-22,"Los Angeles, CA",Malibu,"90265",17954.0,34.07191,-118.84989
"36155",0.5329309,2022-02-24,"Los Angeles, CA",Pacific Palisades,"90272",21629.0,34.07991,-118.54219
"22150",0.911288,2022-01-17,"Los Angeles, CA",Pacific Palisades,"90272",21629.0,34.07991,-118.54219
"31370",0.248724,2022-02-07,"Los Angeles, CA",Rancho Palos Verdes,"90275",42146.0,33.75545,-118.36393
"36447",1.420146,2022-03-01,"Los Angeles, CA",Rancho Palos Verdes,"90275",42146.0,33.75545,-118.36393
"34170",0.57900375,2022-02-15,"Los Angeles, CA",Rancho Palos Verdes,"90275",42146.0,33.75545,-118.36393
"29972",1.032185,2022-02-02,"Los Angeles, CA",Rancho Palos Verdes,"90275",42146.0,33.75545,-118.36393
"31670",0.287823375,2022-02-07,"Los Angeles, CA",Rancho Palos Verdes,"90275",42146.0,33.75545,-118.36393
"25094",1.311843,2022-01-14,"Los Angeles, CA",Rancho Palos Verdes,"90275",42146.0,33.75545,-118.36393
"37754",0.5472,2022-03-04,"Los Angeles, CA",Redondo Beach,"90278",40252.0,33.87325,-118.37037
"30382",0.56496,2022-02-02,"Los Angeles, CA",Redondo Beach,"90278",40252.0,33.87325,-118.37037
"34600",1.69912,2022-02-16,"Los Angeles, CA",Redondo Beach,"90278",40252.0,33.87325,-118.37037
"30434",0.712746,2022-02-02,"Los Angeles, CA",Redondo Beach,"90278",40252.0,33.87325,-118.37037
"24961",0.503343,2022-01-24,"Los Angeles, CA",Redondo Beach,"90278",40252.0,33.87325,-118.37037
"32236",1.3961145,2022-02-08,"Los Angeles, CA",Redondo Beach,"90278",40252.0,33.87325,-118.37037
"25305",1.075604,2022-01-11,"Los Angeles, CA",Redondo Beach,"90278",40252.0,33.87325,-118.37037
"31451",1.714314,2022-02-07,"Los Angeles, CA",Topanga,"90290",5681.0,34.09588,-118.60707
"37034",1.5974995,2022-03-02,"Los Angeles, CA",Marina Del Rey,"90292",23549.0,33.97831,-118.44761
"27604",0.248724,2022-01-28,"Los Angeles, CA",Marina Del Rey,"90292",23549.0,33.97831,-118.44761
"33902",0.532753,2022-02-14,"Los Angeles, CA",Marina Del Rey,"90292",23549.0,33.97831,-118.44761
"29479",0.647424736,2022-01-28,"Los Angeles, CA",Marina Del Rey,"90292",23549.0,33.97831,-118.44761
"21227",0.300762,2022-01-28,"Los Angeles, CA",Marina Del Rey,"90292",23549.0,33.97831,-118.44761
"34973",0.252454,2022-02-17,"Los Angeles, CA",Marina Del Rey,"90292",23549.0,33.97831,-118.44761
"32729",0.46486400000000005,2022-02-09,"Los Angeles, CA",Marina Del Rey,"90292",23549.0,33.97831,-118.44761
"31352",0.647424736,2022-02-23,"Los Angeles, CA",Marina Del Rey,"90292",23549.0,33.97831,-118.44761
"29424",2.005688,2022-01-28,"Los Angeles, CA",Marina Del Rey,"90292",23549.0,33.97831,-118.44761
"37378",0.647424736,2022-03-03,"Los Angeles, CA",Marina Del Rey,"90292",23549.0,33.97831,-118.44761
"31397",0.5472,2022-02-08,"Los Angeles, CA",Marina Del Rey,"90292",23549.0,33.97831,-118.44761
"35825",0.27716,2022-02-23,"Los Angeles, CA",Marina Del Rey,"90292",23549.0,33.97831,-118.44761
"31439",2.902146,2022-02-07,"Los Angeles, CA",Marina Del Rey,"90292",23549.0,33.97831,-118.44761
"31249",0.503343,2022-02-04,"Los Angeles, CA",Marina Del Rey,"90292",23549.0,33.97831,-118.44761
"25687",0.407067,2022-01-12,"Los Angeles, CA",Marina Del Rey,"90292",23549.0,33.97831,-118.44761
"29500",1.507846,2022-01-28,"Los Angeles, CA",Inglewood,"90302",30017.0,33.97472,-118.35551
"32034",1.9561439999999999,2022-02-08,"Los Angeles, CA",Inglewood,"90304",25946.0,33.93799,-118.35857
"29377",0.5472,2022-01-27,"Los Angeles, CA",Santa Monica,"90402",11882.0,34.03561,-118.50364
"31563",1.714314,2022-02-17,"Los Angeles, CA",Santa Monica,"90404",22929.0,34.02662,-118.47364
"26442",2.219219,2022-01-24,"Los Angeles, CA",Santa Monica,"90404",22929.0,34.02662,-118.47364
"36823",0.5329309,2022-03-01,"Los Angeles, CA",Santa Monica,"90404",22929.0,34.02662,-118.47364
"33938",0.532753,2022-02-17,"Los Angeles, CA",Santa Monica,"90404",22929.0,34.02662,-118.47364
"25857",0.6018309,2022-02-04,"Los Angeles, CA",Santa Monica,"90404",22929.0,34.02662,-118.47364
"31604",0.4,2022-02-07,"Los Angeles, CA",Torrance,"90501",41975.0,33.8334,-118.31426
"32156",0.48,2022-02-15,"Los Angeles, CA",Torrance,"90501",41975.0,33.8334,-118.31426
"33643",0.532753,2022-02-11,"Los Angeles, CA",Torrance,"90501",41975.0,33.8334,-118.31426
"31562",1.714314,2022-02-17,"Los Angeles, CA",Torrance,"90503",44605.0,33.84074,-118.35361
"31480",0.61446,2022-02-15,"Los Angeles, CA",Torrance,"90503",44605.0,33.84074,-118.35361
"30292",1.419943446,2022-02-01,"Los Angeles, CA",Torrance,"90503",44605.0,33.84074,-118.35361
"35462",1.053587,2022-02-22,"Los Angeles, CA",Torrance,"90505",37220.0,33.80887,-118.34802
"32588",0.5472,2022-02-09,"Los Angeles, CA",Torrance,"90505",37220.0,33.80887,-118.34802
"27282",1.075604,2022-01-20,"Los Angeles, CA",Torrance,"90505",37220.0,33.80887,-118.34802
"24501",0.399,2022-01-21,"Los Angeles, CA",Buena Park,"90620",46414.0,33.84612,-118.01169
"22746",0.76335075,2022-01-27,"Los Angeles, CA",La Habra,"90631",69064.0,33.94248,-117.95134
"29322",0.5472,2022-01-28,"Los Angeles, CA",La Habra,"90631",69064.0,33.94248,-117.95134
"27174",0.367821888,2022-01-20,"Los Angeles, CA",La Habra,"90631",69064.0,33.94248,-117.95134
"34403",0.89913475,2022-02-16,"Los Angeles, CA",La Mirada,"90638",49227.0,33.90241,-118.0092
"32117",0.8602,2022-02-18,"Los Angeles, CA",La Mirada,"90638",49227.0,33.90241,-118.0092
"33567",0.48,2022-02-11,"Los Angeles, CA",La Mirada,"90638",49227.0,33.90241,-118.0092
"31760",0.4,2022-02-07,"Los Angeles, CA",La Mirada,"90638",49227.0,33.90241,-118.0092
"30784",1.714314,2022-02-03,"Los Angeles, CA",La Mirada,"90638",49227.0,33.90241,-118.0092
"32578",0.510494,2022-02-18,"Los Angeles, CA",La Mirada,"90638",49227.0,33.90241,-118.0092
"26578",3.0553995,2022-01-21,"Los Angeles, CA",La Mirada,"90638",49227.0,33.90241,-118.0092
"20813",1.075604,2022-01-20,"Los Angeles, CA",Cerritos,"90703",50589.0,33.86785,-118.06871
"37427",0.863784,2022-03-04,"Los Angeles, CA",Cerritos,"90703",50589.0,33.86785,-118.06871
"33691",0.98914825,2022-02-15,"Los Angeles, CA",Cerritos,"90703",50589.0,33.86785,-118.06871
"36328",1.507846,2022-02-24,"Los Angeles, CA",Lakewood,"90712",31217.0,33.84901,-118.14672
"34287",0.6789685,2022-02-15,"Los Angeles, CA",Lakewood,"90712",31217.0,33.84901,-118.14672
"30250",0.187704,2022-02-01,"Los Angeles, CA",Lakewood,"90712",31217.0,33.84901,-118.14672
"23573",0.36332425,2022-01-10,"Los Angeles, CA",Lakewood,"90712",31217.0,33.84901,-118.14672
"25892",0.45276,2022-01-12,"Los Angeles, CA",Lakewood,"90712",31217.0,33.84901,-118.14672
"27504",0.8243707499999999,2022-01-25,"Los Angeles, CA",Los Alamitos,"90720",22261.0,33.79557,-118.0636
"24226",2.68747225,2022-01-11,"Los Angeles, CA",Los Alamitos,"90720",22261.0,33.79557,-118.0636
"28760",0.5472,2022-01-27,"Los Angeles, CA",Los Alamitos,"90720",22261.0,33.79557,-118.0636
"24502",1.4679200000000001,2022-01-31,"Los Angeles, CA",San Pedro,"90732",22780.0,33.74507,-118.31012
"04328",0.8243707499999999,2022-02-23,"Los Angeles, CA",San Pedro,"90732",22780.0,33.74507,-118.31012
"32055",0.3024,2022-02-14,"Los Angeles, CA",Carson,"90746",27075.0,33.85888,-118.25526
"25148",0.5329309,2022-01-10,"Los Angeles, CA",Carson,"90746",27075.0,33.85888,-118.25526
"33011",0.5329309,2022-02-10,"Los Angeles, CA",Signal Hill,"90755",11545.0,33.80289,-118.16772
"31696",1.714314,2022-02-18,"Los Angeles, CA",Signal Hill,"90755",11545.0,33.80289,-118.16772
"25242",2.8393629,2022-01-24,"Los Angeles, CA",Signal Hill,"90755",11545.0,33.80289,-118.16772
"27303",0.5150145,2022-01-20,"Los Angeles, CA",Long Beach,"90802",38962.0,33.75021,-118.2114
"26118",1.0483375,2022-02-04,"Los Angeles, CA",Long Beach,"90802",38962.0,33.75021,-118.2114
"32187",1.37208,2022-02-08,"Los Angeles, CA",Long Beach,"90802",38962.0,33.75021,-118.2114
"25819",1.69912,2022-01-14,"Los Angeles, CA",Long Beach,"90802",38962.0,33.75021,-118.2114
"36531",1.507846,2022-02-28,"Los Angeles, CA",Long Beach,"90804",39239.0,33.78185,-118.14863
"24977",0.407067,2022-01-10,"Los Angeles, CA",Long Beach,"90806",41990.0,33.8045,-118.18762
"30039",0.90045,2022-02-01,"Los Angeles, CA",Long Beach,"90808",39330.0,33.82406,-118.11239
"29708",0.5185092,2022-02-01,"Los Angeles, CA",Long Beach,"90808",39330.0,33.82406,-118.11239
"35979",1.0658618,2022-02-23,"Los Angeles, CA",Long Beach,"90808",39330.0,33.82406,-118.11239
"25274",1.021815,2022-01-21,"Los Angeles, CA",Long Beach,"90808",39330.0,33.82406,-118.11239
"26739",1.075604,2022-01-17,"Los Angeles, CA",Long Beach,"90808",39330.0,33.82406,-118.11239
"25016",0.5329309,2022-01-13,"Los Angeles, CA",Long Beach,"90808",39330.0,33.82406,-118.11239
"23418",0.7266485,2022-01-10,"Los Angeles, CA",Long Beach,"90808",39330.0,33.82406,-118.11239
"26632",0.45276,2022-01-14,"Los Angeles, CA",Long Beach,"90808",39330.0,33.82406,-118.11239
"30166",0.187704,2022-02-01,"Los Angeles, CA",Long Beach,"90808",39330.0,33.82406,-118.11239
"30248",1.168009,2022-02-03,"Los Angeles, CA",Long Beach,"90808",39330.0,33.82406,-118.11239
"27275",0.5185092,2022-01-20,"Los Angeles, CA",Long Beach,"90808",39330.0,33.82406,-118.11239
"25015",0.5329309,2022-01-21,"Los Angeles, CA",Long Beach,"90808",39330.0,33.82406,-118.11239
"32515",0.5472,2022-02-10,"Los Angeles, CA",Long Beach,"90810",37251.0,33.81894,-118.2211
"32258",1.0972325,2022-02-08,"Los Angeles, CA",Long Beach,"90810",37251.0,33.81894,-118.2211
"33982",1.770334,2022-02-14,"Los Angeles, CA",Long Beach,"90814",19685.0,33.77163,-118.14362
"34863",0.61446,2022-02-17,"Los Angeles, CA",Long Beach,"90814",19685.0,33.77163,-118.14362
"36428",2.901103,2022-02-25,"Los Angeles, CA",Long Beach,"90814",19685.0,33.77163,-118.14362
"34570",0.320131,2022-02-16,"Los Angeles, CA",Long Beach,"90814",19685.0,33.77163,-118.14362
"35960",0.510494,2022-02-23,"Los Angeles, CA",Altadena,"91001",37818.0,34.19544,-118.13796
"30970",0.424402,2022-02-03,"Los Angeles, CA",Altadena,"91001",37818.0,34.19544,-118.13796
"02411",0.5472,2022-01-27,"Los Angeles, CA",Altadena,"91001",37818.0,34.19544,-118.13796
"30237",0.7266485,2022-02-22,"Los Angeles, CA",Altadena,"91001",37818.0,34.19544,-118.13796
"34198",0.654762,2022-02-15,"Los Angeles, CA",Arcadia,"91006",32958.0,34.13603,-118.02679
"34258",0.8602,2022-02-22,"Los Angeles, CA",Arcadia,"91006",32958.0,34.13603,-118.02679
"33528",1.7884425,2022-02-10,"Los Angeles, CA",Arcadia,"91006",32958.0,34.13603,-118.02679
"26368",0.45276,2022-02-04,"Los Angeles, CA",Arcadia,"91006",32958.0,34.13603,-118.02679
"30263",0.248724,2022-02-01,"Los Angeles, CA",Sierra Madre,"91024",10932.0,34.16871,-118.05036
"25680",0.89208,2022-01-12,"Los Angeles, CA",Sierra Madre,"91024",10932.0,34.16871,-118.05036
"28481",0.57900375,2022-02-03,"Los Angeles, CA",Sierra Madre,"91024",10932.0,34.16871,-118.05036
"26907",2.7124532500000003,2022-01-24,"Los Angeles, CA",Sierra Madre,"91024",10932.0,34.16871,-118.05036
"25144",0.5329309,2022-01-31,"Los Angeles, CA",Sunland,"91040",20049.0,34.26177,-118.33715
"34730",0.477057,2022-02-17,"Los Angeles, CA",Pasadena,"91104",37874.0,34.16784,-118.12348
"28736",0.5472,2022-01-27,"Los Angeles, CA",Pasadena,"91104",37874.0,34.16784,-118.12348
"35576",1.7844475,2022-02-22,"Los Angeles, CA",Pasadena,"91104",37874.0,34.16784,-118.12348
"24982",0.407067,2022-01-11,"Los Angeles, CA",Pasadena,"91104",37874.0,34.16784,-118.12348
"34066",1.016921424,2022-02-14,"Los Angeles, CA",Pasadena,"91104",37874.0,34.16784,-118.12348
"27369",0.367821888,2022-01-20,"Los Angeles, CA",Pasadena,"91104",37874.0,34.16784,-118.12348
"37000",0.6018309,2022-03-02,"Los Angeles, CA",Pasadena,"91106",25543.0,34.13867,-118.1282
"33721",0.53284825,2022-02-11,"Los Angeles, CA",Pasadena,"91106",25543.0,34.13867,-118.1282
"35730",0.248724,2022-02-23,"Los Angeles, CA",Pasadena,"91106",25543.0,34.13867,-118.1282
"25339",0.6018309,2022-01-25,"Los Angeles, CA",Pasadena,"91106",25543.0,34.13867,-118.1282
"34117",0.5317065,2022-02-14,"Los Angeles, CA",San Marino,"91108",13375.0,34.12234,-118.11341
"27361",0.187704,2022-01-27,"Los Angeles, CA",San Marino,"91108",13375.0,34.12234,-118.11341
"18901",1.37208,2022-01-12,"Los Angeles, CA",Glendale,"91201",23281.0,34.17031,-118.28913
"33037",0.5472,2022-02-10,"Los Angeles, CA",Glendale,"91201",23281.0,34.17031,-118.28913
"34968",1.63259075,2022-03-03,"Los Angeles, CA",Glendale,"91203",15410.0,34.15298,-118.26419
"31755",0.4,2022-02-07,"Los Angeles, CA",Glendale,"91203",15410.0,34.15298,-118.26419
"29855",2.28332725,2022-01-31,"Los Angeles, CA",Glendale,"91203",15410.0,34.15298,-118.26419
"33859",0.532753,2022-02-17,"Los Angeles, CA",Glendale,"91203",15410.0,34.15298,-118.26419
"24759",0.320131,2022-01-10,"Los Angeles, CA",Glendale,"91203",15410.0,34.15298,-118.26419
"36587",0.5472,2022-02-28,"Los Angeles, CA",Glendale,"91207",11031.0,34.18361,-118.25864
"22667",1.08997275,2022-01-27,"Los Angeles, CA",La Crescenta,"91214",30787.0,34.23671,-118.24925
"36896",0.248724,2022-03-02,"Los Angeles, CA",La Crescenta,"91214",30787.0,34.23671,-118.24925
"04373",0.57900375,2022-02-23,"Los Angeles, CA",La Crescenta,"91214",30787.0,34.23671,-118.24925
"32558",0.57900375,2022-02-09,"Los Angeles, CA",La Crescenta,"91214",30787.0,34.23671,-118.24925
"35665",0.65535612,2022-02-22,"Los Angeles, CA",La Crescenta,"91214",30787.0,34.23671,-118.24925
"30957",1.423872,2022-02-02,"Los Angeles, CA",La Crescenta,"91214",30787.0,34.23671,-118.24925
"32120",0.48,2022-02-08,"Los Angeles, CA",Agoura Hills,"91301",26334.0,34.12274,-118.7572
"35910",0.78648,2022-02-23,"Los Angeles, CA",West Hills,"91307",26341.0,34.20164,-118.66216
"30753",1.96944825,2022-02-03,"Los Angeles, CA",West Hills,"91307",26341.0,34.20164,-118.66216
"26426",2.902146,2022-01-17,"Los Angeles, CA",West Hills,"91307",26341.0,34.20164,-118.66216
"30344",0.187704,2022-02-01,"Los Angeles, CA",Chatsworth,"91311",40839.0,34.28937,-118.60742
"35101",0.910985,2022-02-18,"Los Angeles, CA",Encino,"91316",30499.0,34.16039,-118.51669
"31475",0.4,2022-02-07,"Los Angeles, CA",Encino,"91316",30499.0,34.16039,-118.51669
"27538",0.76335075,2022-01-31,"Los Angeles, CA",Encino,"91316",30499.0,34.16039,-118.51669
"30518",0.65535612,2022-02-02,"Los Angeles, CA",Encino,"91316",30499.0,34.16039,-118.51669
"31418",0.4,2022-02-07,"Los Angeles, CA",Pacoima,"91331",105458.0,34.25562,-118.42076
"27532",0.248724,2022-01-25,"Los Angeles, CA",Pacoima,"91331",105458.0,34.25562,-118.42076
"26281",1.59182,2022-01-14,"Los Angeles, CA",Pacoima,"91331",105458.0,34.25562,-118.42076
"34809",1.82964775,2022-02-17,"Los Angeles, CA",Pacoima,"91331",105458.0,34.25562,-118.42076
"33850",0.6789685,2022-02-14,"Los Angeles, CA",North Hills,"91343",66743.0,34.23827,-118.48067
"32599",0.510494,2022-02-18,"Los Angeles, CA",North Hills,"91343",66743.0,34.23827,-118.48067
"33433",1.54627275,2022-03-01,"Los Angeles, CA",Santa Clarita,"91350",36173.0,34.43357,-118.50074
"29530",2.7521499,2022-01-28,"Los Angeles, CA",Santa Clarita,"91350",36173.0,34.43357,-118.50074
"34694",1.577123,2022-02-16,"Los Angeles, CA",Santa Clarita,"91350",36173.0,34.43357,-118.50074
"34494",0.320131,2022-02-16,"Los Angeles, CA",Valencia,"91354",32544.0,34.46493,-118.55428
"28712",0.57900375,2022-01-27,"Los Angeles, CA",Valencia,"91354",32544.0,34.46493,-118.55428
"25012",0.5329309,2022-01-31,"Los Angeles, CA",Tarzana,"91356",29822.0,34.15508,-118.54751
"33698",0.4563,2022-02-14,"Los Angeles, CA",Tarzana,"91356",29822.0,34.15508,-118.54751
"32538",0.57900375,2022-02-09,"Los Angeles, CA",Tarzana,"91356",29822.0,34.15508,-118.54751
"25604",0.647424736,2022-01-12,"Los Angeles, CA",Tarzana,"91356",29822.0,34.15508,-118.54751
"34348",1.9865890000000002,2022-02-16,"Los Angeles, CA",Santa Clarita,"91390",19168.0,34.52287,-118.39215
"29059",0.647424736,2022-01-26,"Los Angeles, CA",Santa Clarita,"91390",19168.0,34.52287,-118.39215
"22303",0.820736,2022-01-21,"Los Angeles, CA",Van Nuys,"91401",39755.0,34.17812,-118.43146
"33016",1.9561439999999999,2022-02-10,"Los Angeles, CA",Van Nuys,"91401",39755.0,34.17812,-118.43146
"29760",1.448404875,2022-01-31,"Los Angeles, CA",Van Nuys,"91401",39755.0,34.17812,-118.43146
"36399",0.870052875,2022-02-25,"Los Angeles, CA",Van Nuys,"91401",39755.0,34.17812,-118.43146
"36622",0.5472,2022-02-28,"Los Angeles, CA",Sherman Oaks,"91403",25156.0,34.14659,-118.46286
"27591",0.187704,2022-01-21,"Los Angeles, CA",Sherman Oaks,"91403",25156.0,34.14659,-118.46286
"28905",0.673397,2022-01-26,"Los Angeles, CA",Sherman Oaks,"91403",25156.0,34.14659,-118.46286
"26507",0.9701835,2022-01-24,"Los Angeles, CA",Sherman Oaks,"91403",25156.0,34.14659,-118.46286
"26743",1.9692343749999999,2022-01-18,"Los Angeles, CA",Sherman Oaks,"91403",25156.0,34.14659,-118.46286
"28017",0.248724,2022-01-21,"Los Angeles, CA",Van Nuys,"91405",55506.0,34.20109,-118.44816
"28850",0.503343,2022-01-26,"Los Angeles, CA",Van Nuys,"91405",55506.0,34.20109,-118.44816
"33702",0.851907,2022-02-15,"Los Angeles, CA",Van Nuys,"91411",26111.0,34.17838,-118.4593
"26785",0.450138,2022-01-18,"Los Angeles, CA",Van Nuys,"91411",26111.0,34.17838,-118.4593
"33690",0.532753,2022-02-11,"Los Angeles, CA",Sherman Oaks,"91423",33172.0,34.14852,-118.43272
"26980",0.477057,2022-01-19,"Los Angeles, CA",Sherman Oaks,"91423",33172.0,34.14852,-118.43272
"22680",0.187704,2022-01-27,"Los Angeles, CA",Sherman Oaks,"91423",33172.0,34.14852,-118.43272
"26403",1.69912,2022-01-17,"Los Angeles, CA",Sherman Oaks,"91423",33172.0,34.14852,-118.43272
"25418",0.670737,2022-01-11,"Los Angeles, CA",Sherman Oaks,"91423",33172.0,34.14852,-118.43272
"36628",2.237532,2022-02-28,"Los Angeles, CA",Encino,"91436",15292.0,34.15087,-118.49229
"26881",0.320131,2022-01-18,"Los Angeles, CA",Encino,"91436",15292.0,34.15087,-118.49229
"25315",2.237532,2022-01-11,"Los Angeles, CA",Burbank,"91501",20511.0,34.20052,-118.29583
"34038",0.532753,2022-02-14,"Los Angeles, CA",Burbank,"91505",30902.0,34.17478,-118.34681
"32791",0.5329309,2022-02-09,"Los Angeles, CA",Burbank,"91505",30902.0,34.17478,-118.34681
"29998",0.269854,2022-02-01,"Los Angeles, CA",Burbank,"91505",30902.0,34.17478,-118.34681
"30542",0.76335075,2022-02-02,"Los Angeles, CA",Burbank,"91505",30902.0,34.17478,-118.34681
"31676",0.712746,2022-02-07,"Los Angeles, CA",Burbank,"91505",30902.0,34.17478,-118.34681
"37379",0.647424736,2022-03-03,"Los Angeles, CA",North Hollywood,"91602",19672.0,34.15106,-118.36634
"36280",0.5648679999999999,2022-02-24,"Los Angeles, CA",North Hollywood,"91602",19672.0,34.15106,-118.36634
"28518",2.519981,2022-01-25,"Los Angeles, CA",North Hollywood,"91602",19672.0,34.15106,-118.36634
"27868",0.590996424,2022-01-21,"Los Angeles, CA",North Hollywood,"91602",19672.0,34.15106,-118.36634
"24433",0.399,2022-01-21,"Los Angeles, CA",North Hollywood,"91602",19672.0,34.15106,-118.36634
"25595",1.3495493749999998,2022-01-12,"Los Angeles, CA",North Hollywood,"91602",19672.0,34.15106,-118.36634
"36552",0.57900375,2022-02-28,"Los Angeles, CA",Studio City,"91604",32910.0,34.13881,-118.39352
"36469",0.5472,2022-02-25,"Los Angeles, CA",Studio City,"91604",32910.0,34.13881,-118.39352
"33059",1.075604,2022-02-10,"Los Angeles, CA",Studio City,"91604",32910.0,34.13881,-118.39352
"30831",1.23714325,2022-02-02,"Los Angeles, CA",Studio City,"91604",32910.0,34.13881,-118.39352
"31201",0.79591,2022-02-03,"Los Angeles, CA",Studio City,"91604",32910.0,34.13881,-118.39352
"29984",1.075604,2022-02-01,"Los Angeles, CA",Studio City,"91604",32910.0,34.13881,-118.39352
"22734",0.9143525,2022-01-27,"Los Angeles, CA",North Hollywood,"91606",44295.0,34.18659,-118.38871
"27904",1.69912,2022-01-21,"Los Angeles, CA",North Hollywood,"91606",44295.0,34.18659,-118.38871
"27991",0.647424736,2022-01-21,"Los Angeles, CA",Covina,"91722",34631.0,34.09726,-117.90616
"21257",0.367821888,2022-01-25,"Los Angeles, CA",Covina,"91722",34631.0,34.09726,-117.90616
"31574",0.4,2022-02-15,"Los Angeles, CA",Covina,"91724",26717.0,34.08071,-117.85502
"34246",0.65535612,2022-02-15,"Los Angeles, CA",El Monte,"91732",62905.0,34.07343,-118.01445
"28733",0.5472,2022-01-26,"Los Angeles, CA",Glendora,"91740",25877.0,34.11878,-117.8539
"31643",0.4,2022-02-07,"Los Angeles, CA",Hacienda Heights,"91745",55202.0,33.99931,-117.97325
"24526",0.8816885000000001,2022-01-17,"Los Angeles, CA",Hacienda Heights,"91745",55202.0,33.99931,-117.97325
"30057",2.164673,2022-02-02,"Los Angeles, CA",Monterey Park,"91755",26803.0,34.048,-118.11499
"02164",0.57900375,2022-02-18,"Los Angeles, CA",Monterey Park,"91755",26803.0,34.048,-118.11499
"25233",0.424402,2022-02-03,"Los Angeles, CA",Diamond Bar,"91765",46593.0,33.98822,-117.81446
"32576",0.510494,2022-02-09,"Los Angeles, CA",Diamond Bar,"91765",46593.0,33.98822,-117.81446
"23460",1.07607025,2022-01-10,"Los Angeles, CA",Diamond Bar,"91765",46593.0,33.98822,-117.81446
"24793",0.500118,2022-01-11,"Los Angeles, CA",Diamond Bar,"91765",46593.0,33.98822,-117.81446
"29076",0.45276,2022-01-26,"Los Angeles, CA",San Dimas,"91773",34007.0,34.11004,-117.80981
"28700",2.18932875,2022-01-27,"Los Angeles, CA",San Gabriel,"91776",38664.0,34.08988,-118.09492
"36336",2.34578,2022-02-24,"Los Angeles, CA",San Gabriel,"91776",38664.0,34.08988,-118.09492
"36747",0.5472,2022-03-01,"Los Angeles, CA",West Covina,"91792",29619.0,34.02584,-117.89993
"34239",0.9564095,2022-02-15,"Los Angeles, CA",Alhambra,"91801",54768.0,34.09073,-118.12757
"24796",1.423872,2022-01-24,"Los Angeles, CA",Alhambra,"91801",54768.0,34.09073,-118.12757
"31784",1.9634719999999999,2022-02-07,"Los Angeles, CA",Alhambra,"91801",54768.0,34.09073,-118.12757
"31362",0.910985,2022-02-07,"Los Angeles, CA",Alhambra,"91803",29567.0,34.07494,-118.14621
"30850",1.3961145,2022-02-04,"Los Angeles, CA",Alhambra,"91803",29567.0,34.07494,-118.14621
"37077",0.654762,2022-03-02,"Los Angeles, CA",Alhambra,"91803",29567.0,34.07494,-118.14621
"34429",1.5974995,2022-02-16,"Los Angeles, CA",Irvine,"92614",27187.0,33.68165,-117.83293
"31706",0.45276,2022-02-07,"Los Angeles, CA",Irvine,"92614",27187.0,33.68165,-117.83293
"30095",1.112194125,2022-02-01,"Los Angeles, CA",Irvine,"92614",27187.0,33.68165,-117.83293
"33772",0.53284825,2022-02-11,"Los Angeles, CA",Irvine,"92614",27187.0,33.68165,-117.83293
"24391",0.542626,2022-01-13,"Los Angeles, CA",Irvine,"92614",27187.0,33.68165,-117.83293
"36794",1.357698,2022-03-01,"Los Angeles, CA",Irvine,"92614",27187.0,33.68165,-117.83293
"31372",0.450138,2022-02-07,"Los Angeles, CA",Irvine,"92614",27187.0,33.68165,-117.83293
"36125",1.0972325,2022-02-24,"Los Angeles, CA",Irvine,"92618",48997.0,33.66816,-117.73421
"34076",1.197468,2022-02-18,"Los Angeles, CA",Irvine,"92618",48997.0,33.66816,-117.73421
"29358",0.5472,2022-01-28,"Los Angeles, CA",Irvine,"92618",48997.0,33.66816,-117.73421
"32201",0.48,2022-02-08,"Los Angeles, CA",Irvine,"92618",48997.0,33.66816,-117.73421
"31060",0.7885615,2022-02-03,"Los Angeles, CA",Irvine,"92618",48997.0,33.66816,-117.73421
"27427",0.248724,2022-01-27,"Los Angeles, CA",Irvine,"92618",48997.0,33.66816,-117.73421
"24731",0.320131,2022-01-10,"Los Angeles, CA",Irvine,"92618",48997.0,33.66816,-117.73421
"25871",0.647424736,2022-01-14,"Los Angeles, CA",Irvine,"92618",48997.0,33.66816,-117.73421
"26990",0.407067,2022-01-19,"Los Angeles, CA",Irvine,"92618",48997.0,33.66816,-117.73421
"26456",0.9712692,2022-01-17,"Los Angeles, CA",Irvine,"92618",48997.0,33.66816,-117.73421
"29700",2.32451162,2022-02-28,"Los Angeles, CA",Irvine,"92618",48997.0,33.66816,-117.73421
"36602",2.219184,2022-02-28,"Los Angeles, CA",Irvine,"92618",48997.0,33.66816,-117.73421
"37216",0.919107,2022-03-03,"Los Angeles, CA",Irvine,"92618",48997.0,33.66816,-117.73421
"31512",1.96944825,2022-02-07,"Los Angeles, CA",Irvine,"92618",48997.0,33.66816,-117.73421
"28964",2.7546375000000003,2022-01-26,"Los Angeles, CA",Irvine,"92618",48997.0,33.66816,-117.73421
"30787",0.625118,2022-02-02,"Los Angeles, CA",Irvine,"92620",52569.0,33.7126,-117.75069
"31734",0.6018309,2022-02-07,"Los Angeles, CA",Irvine,"92620",52569.0,33.7126,-117.75069
"17983",1.0483375,2022-01-14,"Los Angeles, CA",Irvine,"92620",52569.0,33.7126,-117.75069
"37049",1.577123,2022-03-02,"Los Angeles, CA",Irvine,"92620",52569.0,33.7126,-117.75069
"29328",0.5472,2022-01-28,"Los Angeles, CA",Irvine,"92620",52569.0,33.7126,-117.75069
"29330",0.5472,2022-01-28,"Los Angeles, CA",Irvine,"92620",52569.0,33.7126,-117.75069
"23387",0.7266485,2022-01-10,"Los Angeles, CA",Irvine,"92620",52569.0,33.7126,-117.75069
"27469",1.112194125,2022-01-25,"Los Angeles, CA",Irvine,"92620",52569.0,33.7126,-117.75069
"30196",1.112194125,2022-02-01,"Los Angeles, CA",Irvine,"92620",52569.0,33.7126,-117.75069
"25372",0.6018309,2022-01-25,"Los Angeles, CA",Irvine,"92620",52569.0,33.7126,-117.75069
"25406",0.25702400000000003,2022-01-21,"Los Angeles, CA",Costa Mesa,"92626",50605.0,33.67893,-117.90842
"27414",0.187704,2022-01-24,"Los Angeles, CA",Costa Mesa,"92626",50605.0,33.67893,-117.90842
"32092",1.914148,2022-02-08,"Los Angeles, CA",Costa Mesa,"92626",50605.0,33.67893,-117.90842
"26964",0.17765,2022-01-19,"Los Angeles, CA",Costa Mesa,"92626",50605.0,33.67893,-117.90842
"30189",0.510494,2022-02-01,"Los Angeles, CA",Costa Mesa,"92626",50605.0,33.67893,-117.90842
"24733",1.930456,2022-01-11,"Los Angeles, CA",Costa Mesa,"92626",50605.0,33.67893,-117.90842
"34927",1.053587,2022-03-03,"Los Angeles, CA",Lake Forest,"92630",59403.0,33.64467,-117.68518
"33752",1.107353,2022-02-11,"Los Angeles, CA",Lake Forest,"92630",59403.0,33.64467,-117.68518
"29241",0.5472,2022-01-31,"Los Angeles, CA",Lake Forest,"92630",59403.0,33.64467,-117.68518
"26795",1.075604,2022-01-18,"Los Angeles, CA",Lake Forest,"92630",59403.0,33.64467,-117.68518
"25723",0.5396,2022-01-12,"Los Angeles, CA",Lake Forest,"92630",59403.0,33.64467,-117.68518
"29776",2.219184,2022-02-04,"Los Angeles, CA",Huntington Beach,"92646",55870.0,33.66538,-117.96762
"30206",2.219219,2022-02-01,"Los Angeles, CA",Huntington Beach,"92648",46228.0,33.68244,-118.01244
"25230",0.986078,2022-01-18,"Los Angeles, CA",Huntington Beach,"92648",46228.0,33.68244,-118.01244
"32788",1.3239800000000002,2022-02-10,"Los Angeles, CA",Huntington Beach,"92648",46228.0,33.68244,-118.01244
"23501",1.08997275,2022-01-10,"Los Angeles, CA",Huntington Beach,"92648",46228.0,33.68244,-118.01244
"34741",2.7546375000000003,2022-02-17,"Los Angeles, CA",Aliso Viejo,"92656",52268.0,33.57622,-117.73039
"24527",0.87473725,2022-01-17,"Los Angeles, CA",Aliso Viejo,"92656",52268.0,33.57622,-117.73039
"36918",0.248724,2022-03-02,"Los Angeles, CA",Aliso Viejo,"92656",52268.0,33.57622,-117.73039
"35446",2.202463,2022-02-18,"Los Angeles, CA",Aliso Viejo,"92656",52268.0,33.57622,-117.73039
"35534",1.914148,2022-02-22,"Los Angeles, CA",Aliso Viejo,"92656",52268.0,33.57622,-117.73039
"31477",2.203776,2022-02-07,"Los Angeles, CA",Aliso Viejo,"92656",52268.0,33.57622,-117.73039
"32266",0.48,2022-02-08,"Los Angeles, CA",Newport Beach,"92660",35446.0,33.63374,-117.87449
"31123",0.647424736,2022-02-23,"Los Angeles, CA",Newport Beach,"92660",35446.0,33.63374,-117.87449
"30226",0.269854,2022-02-18,"Los Angeles, CA",Newport Beach,"92660",35446.0,33.63374,-117.87449
"32133",2.20008,2022-02-08,"Los Angeles, CA",Newport Beach,"92660",35446.0,33.63374,-117.87449
"27047",0.647424736,2022-01-20,"Los Angeles, CA",Newport Beach,"92660",35446.0,33.63374,-117.87449
"32018",1.5974995,2022-02-08,"Los Angeles, CA",Newport Beach,"92660",35446.0,33.63374,-117.87449
"26108",0.6897,2022-01-14,"Los Angeles, CA",Newport Beach,"92660",35446.0,33.63374,-117.87449
"26402",0.647424736,2022-01-14,"Los Angeles, CA",San Clemente,"92672",34218.0,33.42989,-117.60933
"32170",3.3967335,2022-02-08,"Los Angeles, CA",San Clemente,"92672",34218.0,33.42989,-117.60933
"29851",2.219184,2022-01-31,"Los Angeles, CA",San Clemente,"92672",34218.0,33.42989,-117.60933
"30369",0.187704,2022-02-03,"Los Angeles, CA",San Clemente,"92672",34218.0,33.42989,-117.60933
"34554",0.320131,2022-02-16,"Los Angeles, CA",San Clemente,"92672",34218.0,33.42989,-117.60933
"25078",0.399,2022-01-10,"Los Angeles, CA",San Clemente,"92672",34218.0,33.42989,-117.60933
"25097",0.785127,2022-01-27,"Los Angeles, CA",Westminster,"92683",91105.0,33.75252,-117.99406
"30301",1.60290775,2022-02-01,"Los Angeles, CA",Westminster,"92683",91105.0,33.75252,-117.99406
"29437",0.5472,2022-01-27,"Los Angeles, CA",Westminster,"92683",91105.0,33.75252,-117.99406
"35481",0.65535612,2022-02-22,"Los Angeles, CA",Mission Viejo,"92692",46800.0,33.60678,-117.64304
"32866",0.56496,2022-02-10,"Los Angeles, CA",Ladera Ranch,"92694",29570.0,33.54724,-117.62373
"31739",2.20008,2022-02-07,"Los Angeles, CA",Ladera Ranch,"92694",29570.0,33.54724,-117.62373
"33959",0.26585325,2022-02-14,"Los Angeles, CA",Ladera Ranch,"92694",29570.0,33.54724,-117.62373
"25326",0.65535612,2022-01-11,"Los Angeles, CA",Ladera Ranch,"92694",29570.0,33.54724,-117.62373
"29746",2.219184,2022-01-31,"Los Angeles, CA",Santa Ana,"92706",35748.0,33.76591,-117.8822
"27566",0.187704,2022-01-28,"Los Angeles, CA",Fountain Valley,"92708",56953.0,33.71052,-117.9512
"31587",0.45276,2022-02-07,"Los Angeles, CA",Fountain Valley,"92708",56953.0,33.71052,-117.9512
"33762",0.45276,2022-02-11,"Los Angeles, CA",Fountain Valley,"92708",56953.0,33.71052,-117.9512
"26498",0.45276,2022-02-04,"Los Angeles, CA",Fountain Valley,"92708",56953.0,33.71052,-117.9512
"25434",0.493039,2022-01-21,"Los Angeles, CA",Anaheim,"92804",89915.0,33.81826,-117.97506
"28631",0.2492875,2022-01-26,"Los Angeles, CA",Anaheim,"92806",39442.0,33.83856,-117.87071
"35488",1.33107825,2022-02-22,"Los Angeles, CA",Anaheim,"92808",20483.0,33.85647,-117.74013
"34036",0.6789685,2022-02-14,"Los Angeles, CA",Anaheim,"92808",20483.0,33.85647,-117.74013
"30913",1.3961145,2022-02-15,"Los Angeles, CA",Anaheim,"92808",20483.0,33.85647,-117.74013
"37100",0.65535612,2022-03-02,"Los Angeles, CA",Brea,"92821",37712.0,33.92738,-117.8852
"37081",1.420146,2022-03-02,"Los Angeles, CA",Brea,"92821",37712.0,33.92738,-117.8852
"29485",0.320131,2022-01-28,"Los Angeles, CA",Brea,"92821",37712.0,33.92738,-117.8852
"27029",0.78648,2022-01-20,"Los Angeles, CA",Brea,"92821",37712.0,33.92738,-117.8852
"31345",0.986078,2022-02-04,"Los Angeles, CA",Fullerton,"92831",37359.0,33.87973,-117.89635
"25396",0.6018309,2022-01-11,"Los Angeles, CA",Fullerton,"92831",37359.0,33.87973,-117.89635
"35114",1.17488575,2022-02-18,"Los Angeles, CA",Fullerton,"92831",37359.0,33.87973,-117.89635
"31442",0.6018309,2022-02-07,"Los Angeles, CA",Fullerton,"92831",37359.0,33.87973,-117.89635
"26195",1.021815,2022-01-13,"Los Angeles, CA",Fullerton,"92831",37359.0,33.87973,-117.89635
"18666",1.093963,2022-01-17,"Los Angeles, CA",Fullerton,"92833",52435.0,33.87927,-117.96172
"34071",0.5317065,2022-02-14,"Los Angeles, CA",Fullerton,"92833",52435.0,33.87927,-117.96172
"30604",2.7546375000000003,2022-02-02,"Los Angeles, CA",Fullerton,"92833",52435.0,33.87927,-117.96172
"30297",1.69912,2022-02-01,"Los Angeles, CA",Fullerton,"92833",52435.0,33.87927,-117.96172
"30049",1.112194125,2022-02-01,"Los Angeles, CA",Fullerton,"92833",52435.0,33.87927,-117.96172
"26451",0.9701835,2022-01-25,"Los Angeles, CA",Fullerton,"92833",52435.0,33.87927,-117.96172
"30280",0.9753725,2022-02-03,"Los Angeles, CA",Fullerton,"92833",52435.0,33.87927,-117.96172
"37158",0.248724,2022-03-02,"Los Angeles, CA",Fullerton,"92835",23528.0,33.90187,-117.91735
"26759",1.0864275,2022-01-18,"Los Angeles, CA",Fullerton,"92835",23528.0,33.90187,-117.91735
"32620",0.57900375,2022-02-09,"Los Angeles, CA",Fullerton,"92835",23528.0,33.90187,-117.91735
"32105",0.248724,2022-02-08,"Los Angeles, CA",Orange,"92867",44655.0,33.81575,-117.82213
"30945",0.8142475,2022-02-02,"Los Angeles, CA",Orange,"92869",36846.0,33.796,-117.78665
"24732",0.320131,2022-01-11,"Los Angeles, CA",Yorba Linda,"92887",20012.0,33.88471,-117.73124
"25995",0.7231059,2022-01-13,"Los Angeles, CA",Yorba Linda,"92887",20012.0,33.88471,-117.73124
"25998",0.647424736,2022-01-17,"Los Angeles, CA",Palmdale,"93550",77506.0,34.41326,-118.09162
"31700",0.910985,2022-02-07,"Los Angeles, CA",Los Angeles,"90004",60541.0,34.07621,-118.31084
"32929",1.507846,2022-02-09,"Los Angeles, CA",Los Angeles,"90004",60541.0,34.07621,-118.31084
"31519",0.4,2022-02-08,"Los Angeles, CA",Los Angeles,"90004",60541.0,34.07621,-118.31084
"30204",0.76335075,2022-02-01,"Los Angeles, CA",Los Angeles,"90004",60541.0,34.07621,-118.31084
"30015",0.187704,2022-02-01,"Los Angeles, CA",Los Angeles,"90004",60541.0,34.07621,-118.31084
"33876",1.0972325,2022-02-14,"Los Angeles, CA",Los Angeles,"90004",60541.0,34.07621,-118.31084
"26303",1.029213,2022-01-17,"Los Angeles, CA",Los Angeles,"90004",60541.0,34.07621,-118.31084
"34817",0.2492875,2022-02-17,"Los Angeles, CA",Los Angeles,"90004",60541.0,34.07621,-118.31084
"34096",0.527498,2022-02-15,"Los Angeles, CA",Los Angeles,"90004",60541.0,34.07621,-118.31084
"28691",0.57900375,2022-01-28,"Los Angeles, CA",Los Angeles,"90004",60541.0,34.07621,-118.31084
"28457",1.877885,2022-01-28,"Los Angeles, CA",Los Angeles,"90006",59576.0,34.04801,-118.29418
"31524",2.20008,2022-02-07,"Los Angeles, CA",Los Angeles,"90006",59576.0,34.04801,-118.29418
"29346",0.8850910000000001,2022-01-27,"Los Angeles, CA",Los Angeles,"90006",59576.0,34.04801,-118.29418
"26799",2.7546375000000003,2022-01-18,"Los Angeles, CA",Los Angeles,"90006",59576.0,34.04801,-118.29418
"29398",0.5472,2022-01-27,"Los Angeles, CA",Los Angeles,"90010",3822.0,34.06211,-118.31577
"25671",2.20008,2022-01-12,"Los Angeles, CA",Los Angeles,"90010",3822.0,34.06211,-118.31577
"35924",0.78648,2022-02-23,"Los Angeles, CA",Los Angeles,"90010",3822.0,34.06211,-118.31577
"35750",0.498575,2022-02-23,"Los Angeles, CA",Los Angeles,"90012",36552.0,34.06599,-118.23821
"27533",0.187704,2022-01-28,"Los Angeles, CA",Los Angeles,"90012",36552.0,34.06599,-118.23821
"32677",2.40698075,2022-02-09,"Los Angeles, CA",Los Angeles,"90012",36552.0,34.06599,-118.23821
"35358",0.910985,2022-02-18,"Los Angeles, CA",Los Angeles,"90012",36552.0,34.06599,-118.23821
"28255",0.450138,2022-01-24,"Los Angeles, CA",Los Angeles,"90012",36552.0,34.06599,-118.23821
"26589",0.329970696,2022-01-17,"Los Angeles, CA",Los Angeles,"90012",36552.0,34.06599,-118.23821
"25245",1.685845,2022-01-21,"Los Angeles, CA",Los Angeles,"90012",36552.0,34.06599,-118.23821
"29365",0.5472,2022-01-27,"Los Angeles, CA",Los Angeles,"90012",36552.0,34.06599,-118.23821
"24653",2.248647,2022-02-24,"Los Angeles, CA",Los Angeles,"90012",36552.0,34.06599,-118.23821
"31730",0.857157,2022-02-15,"Los Angeles, CA",Los Angeles,"90016",45899.0,34.02872,-118.3546
"29680",0.248724,2022-01-31,"Los Angeles, CA",Los Angeles,"90016",45899.0,34.02872,-118.3546
"30140",0.269854,2022-02-18,"Los Angeles, CA",Los Angeles,"90016",45899.0,34.02872,-118.3546
"26393",0.45276,2022-01-14,"Los Angeles, CA",Los Angeles,"90016",45899.0,34.02872,-118.3546
"33184",1.33368,2022-02-10,"Los Angeles, CA",Los Angeles,"90016",45899.0,34.02872,-118.3546
"28315",2.7546375000000003,2022-01-24,"Los Angeles, CA",Los Angeles,"90016",45899.0,34.02872,-118.3546
"28366",2.7546375000000003,2022-01-27,"Los Angeles, CA",Los Angeles,"90018",53490.0,34.02887,-118.3172
"30962",0.571144,2022-02-02,"Los Angeles, CA",Los Angeles,"90020",39189.0,34.06639,-118.3099
"36514",1.155680625,2022-02-25,"Los Angeles, CA",Los Angeles,"90020",39189.0,34.06639,-118.3099
"37076",1.507846,2022-03-02,"Los Angeles, CA",Los Angeles,"90020",39189.0,34.06639,-118.3099
"35787",1.075604,2022-02-23,"Los Angeles, CA",Los Angeles,"90020",39189.0,34.06639,-118.3099
"34232",0.6789685,2022-02-15,"Los Angeles, CA",Los Angeles,"90022",67014.0,34.02453,-118.15609
"32346",1.714314,2022-02-09,"Los Angeles, CA",Los Angeles,"90024",51627.0,34.06568,-118.43502
"31388",0.248724,2022-02-07,"Los Angeles, CA",Los Angeles,"90024",51627.0,34.06568,-118.43502
"32083",0.48,2022-02-08,"Los Angeles, CA",Los Angeles,"90026",68906.0,34.07928,-118.263
"34866",0.57900375,2022-02-17,"Los Angeles, CA",Los Angeles,"90026",68906.0,34.07928,-118.263
"33660",1.770334,2022-02-11,"Los Angeles, CA",Los Angeles,"90026",68906.0,34.07928,-118.263
"33566",0.57900375,2022-02-11,"Los Angeles, CA",Los Angeles,"90026",68906.0,34.07928,-118.263
"32877",1.770334,2022-02-09,"Los Angeles, CA",Los Angeles,"90026",68906.0,34.07928,-118.263
"31228",0.87831825,2022-02-04,"Los Angeles, CA",Los Angeles,"90026",68906.0,34.07928,-118.263
"36698",1.507846,2022-02-28,"Los Angeles, CA",Los Angeles,"90026",68906.0,34.07928,-118.263
"36498",1.420146,2022-02-25,"Los Angeles, CA",Los Angeles,"90026",68906.0,34.07928,-118.263
"26925",0.407067,2022-01-19,"Los Angeles, CA",Los Angeles,"90026",68906.0,34.07928,-118.263
"36608",0.5329309,2022-02-28,"Los Angeles, CA",Los Angeles,"90026",68906.0,34.07928,-118.263
"31437",0.4,2022-02-15,"Los Angeles, CA",Los Angeles,"90026",68906.0,34.07928,-118.263
"35506",0.48,2022-02-22,"Los Angeles, CA",Los Angeles,"90026",68906.0,34.07928,-118.263
"33971",0.532753,2022-02-14,"Los Angeles, CA",Los Angeles,"90026",68906.0,34.07928,-118.263
"34522",1.714314,2022-02-16,"Los Angeles, CA",Los Angeles,"90026",68906.0,34.07928,-118.263
"26833",0.842898,2022-01-19,"Los Angeles, CA",Los Angeles,"90026",68906.0,34.07928,-118.263
"28006",1.610325,2022-01-21,"Los Angeles, CA",Los Angeles,"90026",68906.0,34.07928,-118.263
"28646",0.51299325,2022-01-26,"Los Angeles, CA",Los Angeles,"90026",68906.0,34.07928,-118.263
"28196",1.610325,2022-01-24,"Los Angeles, CA",Los Angeles,"90026",68906.0,34.07928,-118.263
"34537",2.902146,2022-02-16,"Los Angeles, CA",Los Angeles,"90028",29774.0,34.09989,-118.32691
"33045",0.56496,2022-02-10,"Los Angeles, CA",Los Angeles,"90028",29774.0,34.09989,-118.32691
"31767",0.4,2022-02-15,"Los Angeles, CA",Los Angeles,"90028",29774.0,34.09989,-118.32691
"27528",0.187704,2022-01-21,"Los Angeles, CA",Los Angeles,"90028",29774.0,34.09989,-118.32691
"28875",0.942858,2022-01-26,"Los Angeles, CA",Los Angeles,"90028",29774.0,34.09989,-118.32691
"36882",0.48,2022-03-02,"Los Angeles, CA",Los Angeles,"90028",29774.0,34.09989,-118.32691
"35486",1.507846,2022-02-22,"Los Angeles, CA",Los Angeles,"90028",29774.0,34.09989,-118.32691
"33532",1.610325,2022-02-10,"Los Angeles, CA",Los Angeles,"90028",29774.0,34.09989,-118.32691
"32228",1.1647625,2022-02-22,"Los Angeles, CA",Los Angeles,"90028",29774.0,34.09989,-118.32691
"28658",0.5329309,2022-01-26,"Los Angeles, CA",Los Angeles,"90028",29774.0,34.09989,-118.32691
"34887",1.053587,2022-03-03,"Los Angeles, CA",Los Angeles,"90032",48031.0,34.07956,-118.17807
"36920",0.5329309,2022-03-02,"Los Angeles, CA",Los Angeles,"90032",48031.0,34.07956,-118.17807
"26242",2.362546,2022-01-14,"Los Angeles, CA",Los Angeles,"90032",48031.0,34.07956,-118.17807
"33851",1.357698,2022-02-14,"Los Angeles, CA",Los Angeles,"90032",48031.0,34.07956,-118.17807
"29547",2.7546375000000003,2022-01-28,"Los Angeles, CA",Los Angeles,"90032",48031.0,34.07956,-118.17807
"36312",0.248724,2022-02-24,"Los Angeles, CA",Los Angeles,"90034",53861.0,34.03068,-118.39953
"30002",0.7266485,2022-02-01,"Los Angeles, CA",Los Angeles,"90034",53861.0,34.03068,-118.39953
"32664",1.25915625,2022-02-10,"Los Angeles, CA",Los Angeles,"90034",53861.0,34.03068,-118.39953
"35295",0.57900375,2022-02-18,"Los Angeles, CA",Los Angeles,"90034",53861.0,34.03068,-118.39953
"32509",0.57900375,2022-02-08,"Los Angeles, CA",Los Angeles,"90034",53861.0,34.03068,-118.39953
"35000",0.897092,2022-02-17,"Los Angeles, CA",Los Angeles,"90034",53861.0,34.03068,-118.39953
"33950",2.02965625,2022-02-14,"Los Angeles, CA",Los Angeles,"90034",53861.0,34.03068,-118.39953
"30864",1.7844475,2022-02-04,"Los Angeles, CA",Los Angeles,"90034",53861.0,34.03068,-118.39953
"29397",0.5472,2022-01-27,"Los Angeles, CA",Los Angeles,"90034",53861.0,34.03068,-118.39953
"31241",1.507846,2022-02-04,"Los Angeles, CA",Los Angeles,"90034",53861.0,34.03068,-118.39953
"29299",0.58238125,2022-01-27,"Los Angeles, CA",Los Angeles,"90034",53861.0,34.03068,-118.39953
"25414",1.69912,2022-01-11,"Los Angeles, CA",Los Angeles,"90034",53861.0,34.03068,-118.39953
"26588",2.029090696,2022-01-17,"Los Angeles, CA",Los Angeles,"90034",53861.0,34.03068,-118.39953
"34629",0.65535612,2022-02-16,"Los Angeles, CA",Los Angeles,"90034",53861.0,34.03068,-118.39953
"35710",0.625118,2022-02-23,"Los Angeles, CA",Los Angeles,"90034",53861.0,34.03068,-118.39953
"27173",0.738147,2022-01-25,"Los Angeles, CA",Los Angeles,"90034",53861.0,34.03068,-118.39953
"29355",0.5472,2022-01-31,"Los Angeles, CA",Los Angeles,"90034",53861.0,34.03068,-118.39953
"31320",0.450138,2022-02-04,"Los Angeles, CA",Los Angeles,"90034",53861.0,34.03068,-118.39953
"27915",0.477057,2022-01-21,"Los Angeles, CA",Los Angeles,"90034",53861.0,34.03068,-118.39953
"36778",1.029213,2022-03-01,"Los Angeles, CA",Los Angeles,"90036",37965.0,34.07016,-118.34987
"37141",0.5472,2022-03-02,"Los Angeles, CA",Los Angeles,"90036",37965.0,34.07016,-118.34987
"34640",0.5329309,2022-02-16,"Los Angeles, CA",Los Angeles,"90036",37965.0,34.07016,-118.34987
"34932",1.155680625,2022-02-17,"Los Angeles, CA",Los Angeles,"90036",37965.0,34.07016,-118.34987
"32918",0.56496,2022-02-09,"Los Angeles, CA",Los Angeles,"90036",37965.0,34.07016,-118.34987
"36288",2.047446,2022-02-24,"Los Angeles, CA",Los Angeles,"90036",37965.0,34.07016,-118.34987
"26969",2.177673,2022-01-18,"Los Angeles, CA",Los Angeles,"90036",37965.0,34.07016,-118.34987
"28704",0.5472,2022-01-26,"Los Angeles, CA",Los Angeles,"90036",37965.0,34.07016,-118.34987
"25766",0.625118,2022-01-12,"Los Angeles, CA",Los Angeles,"90036",37965.0,34.07016,-118.34987
"34356",1.075604,2022-03-04,"Los Angeles, CA",Los Angeles,"90036",37965.0,34.07016,-118.34987
"37718",2.02965625,2022-03-04,"Los Angeles, CA",Los Angeles,"90036",37965.0,34.07016,-118.34987
"29542",1.610325,2022-01-28,"Los Angeles, CA",Los Angeles,"90036",37965.0,34.07016,-118.34987
"34188",0.532753,2022-02-18,"Los Angeles, CA",Los Angeles,"90036",37965.0,34.07016,-118.34987
"29383",1.448404875,2022-01-27,"Los Angeles, CA",Los Angeles,"90036",37965.0,34.07016,-118.34987
"29164",0.625118,2022-01-27,"Los Angeles, CA",Los Angeles,"90036",37965.0,34.07016,-118.34987
"25031",1.7844475,2022-01-10,"Los Angeles, CA",Los Angeles,"90036",37965.0,34.07016,-118.34987
"29497",0.78648,2022-01-28,"Los Angeles, CA",Los Angeles,"90038",28580.0,34.08876,-118.32652
"32948",1.507846,2022-02-09,"Los Angeles, CA",Los Angeles,"90038",28580.0,34.08876,-118.32652
"26725",1.9692343749999999,2022-01-18,"Los Angeles, CA",Los Angeles,"90038",28580.0,34.08876,-118.32652
"32759",1.610325,2022-02-08,"Los Angeles, CA",Los Angeles,"90038",28580.0,34.08876,-118.32652
"30452",0.625118,2022-02-02,"Los Angeles, CA",Los Angeles,"90038",28580.0,34.08876,-118.32652
"25741",1.3495493749999998,2022-01-12,"Los Angeles, CA",Los Angeles,"90038",28580.0,34.08876,-118.32652
"31516",2.902146,2022-02-07,"Los Angeles, CA",Los Angeles,"90040",12328.0,33.99353,-118.14907
"33001",0.5472,2022-02-10,"Los Angeles, CA",Los Angeles,"90040",12328.0,33.99353,-118.14907
"32484",0.57900375,2022-02-09,"Los Angeles, CA",Los Angeles,"90042",63193.0,34.11462,-118.19202
"32178",0.8602,2022-02-18,"Los Angeles, CA",Los Angeles,"90042",63193.0,34.11462,-118.19202
"26053",0.5329309,2022-01-13,"Los Angeles, CA",Los Angeles,"90042",63193.0,34.11462,-118.19202
"36376",0.903573,2022-02-25,"Los Angeles, CA",Los Angeles,"90042",63193.0,34.11462,-118.19202
"31567",1.7844475,2022-02-07,"Los Angeles, CA",Los Angeles,"90042",63193.0,34.11462,-118.19202
"31056",0.673397,2022-02-03,"Los Angeles, CA",Los Angeles,"90042",63193.0,34.11462,-118.19202
"31754",0.4,2022-02-07,"Los Angeles, CA",Los Angeles,"90042",63193.0,34.11462,-118.19202
"34259",0.6789685,2022-02-15,"Los Angeles, CA",Los Angeles,"90042",63193.0,34.11462,-118.19202
"36355",0.625118,2022-02-24,"Los Angeles, CA",Los Angeles,"90042",63193.0,34.11462,-118.19202
"36265",0.248724,2022-02-24,"Los Angeles, CA",Los Angeles,"90042",63193.0,34.11462,-118.19202
"25400",0.6018309,2022-01-11,"Los Angeles, CA",Los Angeles,"90042",63193.0,34.11462,-118.19202
"25424",0.5185092,2022-01-11,"Los Angeles, CA",Los Angeles,"90042",63193.0,34.11462,-118.19202
"22689",0.187704,2022-01-27,"Los Angeles, CA",Los Angeles,"90042",63193.0,34.11462,-118.19202
"23455",2.902146,2022-01-10,"Los Angeles, CA",Los Angeles,"90042",63193.0,34.11462,-118.19202
"36203",0.910985,2022-02-24,"Los Angeles, CA",Los Angeles,"90046",50900.0,34.10746,-118.36525
"34044",0.532753,2022-02-14,"Los Angeles, CA",Los Angeles,"90046",50900.0,34.10746,-118.36525
"33642",0.532753,2022-02-11,"Los Angeles, CA",Los Angeles,"90046",50900.0,34.10746,-118.36525
"29140",1.69912,2022-01-27,"Los Angeles, CA",Los Angeles,"90046",50900.0,34.10746,-118.36525
"25213",1.610325,2022-01-11,"Los Angeles, CA",Los Angeles,"90046",50900.0,34.10746,-118.36525
"27044",2.46906,2022-01-20,"Los Angeles, CA",Los Angeles,"90046",50900.0,34.10746,-118.36525
"26595",1.577123,2022-01-21,"Los Angeles, CA",Los Angeles,"90046",50900.0,34.10746,-118.36525
"27305",0.5329309,2022-01-20,"Los Angeles, CA",Los Angeles,"90046",50900.0,34.10746,-118.36525
"27688",0.673397,2022-01-21,"Los Angeles, CA",Los Angeles,"90046",50900.0,34.10746,-118.36525
"34169",0.6018309,2022-02-15,"Los Angeles, CA",Los Angeles,"90046",50900.0,34.10746,-118.36525
"33247",1.577123,2022-02-11,"Los Angeles, CA",Los Angeles,"90046",50900.0,34.10746,-118.36525
"29531",1.284192,2022-01-28,"Los Angeles, CA",Los Angeles,"90046",50900.0,34.10746,-118.36525
"31062",0.477057,2022-02-03,"Los Angeles, CA",Los Angeles,"90046",50900.0,34.10746,-118.36525
"25356",1.3137750000000001,2022-01-19,"Los Angeles, CA",Los Angeles,"90046",50900.0,34.10746,-118.36525
"25231",0.986078,2022-01-18,"Los Angeles, CA",Los Angeles,"90046",50900.0,34.10746,-118.36525
"27324",2.20008,2022-01-20,"Los Angeles, CA",Los Angeles,"90046",50900.0,34.10746,-118.36525
"26421",1.69912,2022-01-17,"Los Angeles, CA",Los Angeles,"90046",50900.0,34.10746,-118.36525
"24920",0.673397,2022-01-10,"Los Angeles, CA",Los Angeles,"90046",50900.0,34.10746,-118.36525
"25677",0.726733,2022-01-12,"Los Angeles, CA",Los Angeles,"90046",50900.0,34.10746,-118.36525
"26534",1.029213,2022-01-17,"Los Angeles, CA",Los Angeles,"90046",50900.0,34.10746,-118.36525
"35919",0.647424736,2022-02-23,"Los Angeles, CA",Los Angeles,"90048",21489.0,34.07297,-118.37265
"28695",0.5472,2022-01-27,"Los Angeles, CA",Los Angeles,"90048",21489.0,34.07297,-118.37265
"29934",2.219184,2022-01-31,"Los Angeles, CA",Los Angeles,"90048",21489.0,34.07297,-118.37265
"26140",0.367821888,2022-01-14,"Los Angeles, CA",Los Angeles,"90048",21489.0,34.07297,-118.37265
"35473",0.503343,2022-02-18,"Los Angeles, CA",Los Angeles,"90048",21489.0,34.07297,-118.37265
"28521",1.877885,2022-01-25,"Los Angeles, CA",Los Angeles,"90048",21489.0,34.07297,-118.37265
"26294",0.758758875,2022-01-17,"Los Angeles, CA",Los Angeles,"90048",21489.0,34.07297,-118.37265
"23424",1.08997275,2022-01-14,"Los Angeles, CA",Los Angeles,"90048",21489.0,34.07297,-118.37265
"25961",0.6018309,2022-01-13,"Los Angeles, CA",Los Angeles,"90056",7649.0,33.98809,-118.37033
"33985",0.910985,2022-02-14,"Los Angeles, CA",Los Angeles,"90058",2718.0,34.00244,-118.21392
"33765",2.18491,2022-02-11,"Los Angeles, CA",Los Angeles,"90064",25925.0,34.03702,-118.42492
"27952",1.69912,2022-01-21,"Los Angeles, CA",Los Angeles,"90064",25925.0,34.03702,-118.42492
"29081",0.407067,2022-01-26,"Los Angeles, CA",Los Angeles,"90064",25925.0,34.03702,-118.42492
"29944",0.858735,2022-01-31,"Los Angeles, CA",Los Angeles,"90064",25925.0,34.03702,-118.42492
"25011",1.423872,2022-01-25,"Los Angeles, CA",Los Angeles,"90064",25925.0,34.03702,-118.42492
"36540",1.99914975,2022-02-28,"Los Angeles, CA",Los Angeles,"90066",59167.0,34.00127,-118.43065
"36740",1.642284,2022-03-01,"Los Angeles, CA",Los Angeles,"90066",59167.0,34.00127,-118.43065
"32981",0.712746,2022-02-10,"Los Angeles, CA",Los Angeles,"90066",59167.0,34.00127,-118.43065
"28825",0.57900375,2022-01-28,"Los Angeles, CA",Los Angeles,"90066",59167.0,34.00127,-118.43065
"32098",1.610325,2022-02-08,"Los Angeles, CA",Los Angeles,"90066",59167.0,34.00127,-118.43065
"30759",0.986078,2022-02-03,"Los Angeles, CA",Los Angeles,"90066",59167.0,34.00127,-118.43065
"28339",1.723028736,2022-01-25,"Los Angeles, CA",Los Angeles,"90066",59167.0,34.00127,-118.43065
"26223",0.503343,2022-01-14,"Los Angeles, CA",Los Angeles,"90066",59167.0,34.00127,-118.43065
"26005",0.5185092,2022-01-12,"Los Angeles, CA",Los Angeles,"90066",59167.0,34.00127,-118.43065
"37209",2.34578,2022-03-03,"Los Angeles, CA",Los Angeles,"90066",59167.0,34.00127,-118.43065
"31721",0.4,2022-02-15,"Los Angeles, CA",Los Angeles,"90066",59167.0,34.00127,-118.43065
"30110",0.187704,2022-02-01,"Los Angeles, CA",Los Angeles,"90066",59167.0,34.00127,-118.43065
"29912",2.219184,2022-02-17,"Los Angeles, CA",Los Angeles,"90066",59167.0,34.00127,-118.43065
"29294",0.248724,2022-01-27,"Los Angeles, CA",Los Angeles,"90066",59167.0,34.00127,-118.43065
"28739",0.5472,2022-01-26,"Los Angeles, CA",Los Angeles,"90066",59167.0,34.00127,-118.43065
"32130",1.075604,2022-02-08,"Los Angeles, CA",Los Angeles,"90066",59167.0,34.00127,-118.43065
"26203",0.910985,2022-01-14,"Los Angeles, CA",Los Angeles,"90066",59167.0,34.00127,-118.43065
"25175",1.834362875,2022-01-11,"Los Angeles, CA",Los Angeles,"90066",59167.0,34.00127,-118.43065
"26218",1.577123,2022-01-21,"Los Angeles, CA",Los Angeles,"90066",59167.0,34.00127,-118.43065
"34599",0.503343,2022-02-16,"Los Angeles, CA",Los Angeles,"90068",21092.0,34.12837,-118.32828
"24950",0.45694,2022-02-14,"Los Angeles, CA",Los Angeles,"90068",21092.0,34.12837,-118.32828
"36316",1.197468,2022-02-24,"Los Angeles, CA",Los Angeles,"90068",21092.0,34.12837,-118.32828
"33599",0.842898,2022-02-15,"Los Angeles, CA",Los Angeles,"90068",21092.0,34.12837,-118.32828
"28130",1.610325,2022-01-24,"Los Angeles, CA",Los Angeles,"90068",21092.0,34.12837,-118.32828
"28036",0.450138,2022-01-24,"Los Angeles, CA",Los Angeles,"90068",21092.0,34.12837,-118.32828
"28773",1.467576,2022-01-26,"Los Angeles, CA",Los Angeles,"90068",21092.0,34.12837,-118.32828
"29689",0.45276,2022-01-31,"Los Angeles, CA",Playa Vista,"90094",9827.0,33.97539,-118.417
"34501",0.57900375,2022-02-16,"Los Angeles, CA",Playa Vista,"90094",9827.0,33.97539,-118.417
"35082",1.507846,2022-02-18,"Los Angeles, CA",Playa Vista,"90094",9827.0,33.97539,-118.417
"32300",0.48,2022-02-14,"Los Angeles, CA",Playa Vista,"90094",9827.0,33.97539,-118.417
"29329",0.5472,2022-01-28,"Los Angeles, CA",Playa Vista,"90094",9827.0,33.97539,-118.417
"36151",0.5185092,2022-02-24,"Los Angeles, CA",Playa Vista,"90094",9827.0,33.97539,-118.417
"26973",1.41522,2022-01-19,"Los Angeles, CA",Playa Vista,"90094",9827.0,33.97539,-118.417
"25182",1.41522,2022-01-11,"Los Angeles, CA",Playa Vista,"90094",9827.0,33.97539,-118.417
"26354",2.20008,2022-01-17,"Los Angeles, CA",Playa Vista,"90094",9827.0,33.97539,-118.417
"26767",0.56496,2022-01-18,"Los Angeles, CA",Playa Vista,"90094",9827.0,33.97539,-118.417
"28796",0.57900375,2022-01-27,"Los Angeles, CA",Playa Vista,"90094",9827.0,33.97539,-118.417
"29619",1.3326280000000001,2022-01-28,"Los Angeles, CA",Playa Vista,"90094",9827.0,33.97539,-118.417
"30908",0.5472,2022-02-02,"Los Angeles, CA",Playa Vista,"90094",9827.0,33.97539,-118.417
"34401",0.469721424,2022-02-16,"Los Angeles, CA",Playa Vista,"90094",9827.0,33.97539,-118.417
"27362",0.187704,2022-01-27,"Los Angeles, CA",Culver City,"90230",32687.0,33.9972,-118.39458
"33918",0.9701835,2022-02-14,"Los Angeles, CA",Culver City,"90230",32687.0,33.9972,-118.39458
"32863",0.5472,2022-02-10,"Los Angeles, CA",Culver City,"90230",32687.0,33.9972,-118.39458
"26825",1.770334,2022-01-17,"Los Angeles, CA",Culver City,"90230",32687.0,33.9972,-118.39458
"26023",0.5329309,2022-01-13,"Los Angeles, CA",Culver City,"90230",32687.0,33.9972,-118.39458
"32488",0.5472,2022-02-09,"Los Angeles, CA",Culver City,"90230",32687.0,33.9972,-118.39458
"36340",2.362546,2022-02-24,"Los Angeles, CA",Culver City,"90230",32687.0,33.9972,-118.39458
"36467",0.5185092,2022-02-25,"Los Angeles, CA",Culver City,"90232",14780.0,34.01879,-118.39182
"33741",2.24632,2022-02-11,"Los Angeles, CA",Culver City,"90232",14780.0,34.01879,-118.39182
"34154",0.910985,2022-02-15,"Los Angeles, CA",Culver City,"90232",14780.0,34.01879,-118.39182
"29388",0.5472,2022-01-28,"Los Angeles, CA",Culver City,"90232",14780.0,34.01879,-118.39182
"31667",0.910985,2022-02-17,"Los Angeles, CA",Culver City,"90232",14780.0,34.01879,-118.39182
"26678",2.177673,2022-01-18,"Los Angeles, CA",Culver City,"90232",14780.0,34.01879,-118.39182
"30106",0.187704,2022-02-01,"Los Angeles, CA",Culver City,"90232",14780.0,34.01879,-118.39182
"27536",0.8243707499999999,2022-01-25,"Los Angeles, CA",Culver City,"90232",14780.0,34.01879,-118.39182
"30176",0.269854,2022-02-01,"Los Angeles, CA",Downey,"90241",43215.0,33.94084,-118.12924
"29546",3.4550080000000003,2022-01-28,"Los Angeles, CA",Downey,"90241",43215.0,33.94084,-118.12924
"36323",0.9564095,2022-02-24,"Los Angeles, CA",Downey,"90241",43215.0,33.94084,-118.12924
"30666",0.44604,2022-02-02,"Los Angeles, CA",Downey,"90241",43215.0,33.94084,-118.12924
"23459",2.1942245,2022-01-10,"Los Angeles, CA",Downey,"90241",43215.0,33.94084,-118.12924
"24879",0.320131,2022-01-24,"Los Angeles, CA",El Segundo,"90245",16731.0,33.91695,-118.40206
"29306",0.5472,2022-01-27,"Los Angeles, CA",Gardena,"90248",11607.0,33.87669,-118.2835
"30037",0.9753725,2022-02-18,"Los Angeles, CA",Gardena,"90248",11607.0,33.87669,-118.2835
"36154",0.5472,2022-02-24,"Los Angeles, CA",Hermosa Beach,"90254",19539.0,33.86546,-118.39665
"35777",0.625118,2022-02-23,"Los Angeles, CA",Hermosa Beach,"90254",19539.0,33.86546,-118.39665
"25481",0.25702400000000003,2022-01-14,"Los Angeles, CA",Hermosa Beach,"90254",19539.0,33.86546,-118.39665
"02536",0.5472,2022-02-02,"Los Angeles, CA",Hermosa Beach,"90254",19539.0,33.86546,-118.39665
"30038",0.8994321249999999,2022-02-01,"Los Angeles, CA",Lawndale,"90260",34827.0,33.88828,-118.35122
"32035",2.02965625,2022-02-08,"Los Angeles, CA",Manhattan Beach,"90266",35500.0,33.8895,-118.39718
"35244",1.70689325,2022-02-18,"Los Angeles, CA",Manhattan Beach,"90266",35500.0,33.8895,-118.39718
"32313",1.3961145,2022-02-08,"Los Angeles, CA",Manhattan Beach,"90266",35500.0,33.8895,-118.39718
"32561",2.091798,2022-02-11,"Los Angeles, CA",Manhattan Beach,"90266",35500.0,33.8895,-118.39718
"26253",0.65535612,2022-01-14,"Los Angeles, CA",Manhattan Beach,"90266",35500.0,33.8895,-118.39718
"23431",1.08997275,2022-01-10,"Los Angeles, CA",Palos Verdes Peninsula,"90274",25061.0,33.77734,-118.36893
"25509",0.986078,2022-01-12,"Los Angeles, CA",Palos Verdes Peninsula,"90274",25061.0,33.77734,-118.36893
"29225",0.57900375,2022-01-27,"Los Angeles, CA",Palos Verdes Peninsula,"90274",25061.0,33.77734,-118.36893
"27050",0.8384145,2022-01-21,"Los Angeles, CA",Palos Verdes Peninsula,"90274",25061.0,33.77734,-118.36893
"26097",2.20008,2022-01-14,"Los Angeles, CA",Palos Verdes Peninsula,"90274",25061.0,33.77734,-118.36893
"29777",2.219184,2022-01-31,"Los Angeles, CA",Redondo Beach,"90277",34827.0,33.83073,-118.3846
"35397",0.5472,2022-02-18,"Los Angeles, CA",Redondo Beach,"90277",34827.0,33.83073,-118.3846
"27389",0.248724,2022-01-27,"Los Angeles, CA",Redondo Beach,"90277",34827.0,33.83073,-118.3846
"28744",0.57900375,2022-01-26,"Los Angeles, CA",Redondo Beach,"90277",34827.0,33.83073,-118.3846
"36847",2.7546375000000003,2022-03-01,"Los Angeles, CA",Redondo Beach,"90277",34827.0,33.83073,-118.3846
"33770",0.371907,2022-02-11,"Los Angeles, CA",Redondo Beach,"90277",34827.0,33.83073,-118.3846
"29327",0.5472,2022-01-28,"Los Angeles, CA",Redondo Beach,"90277",34827.0,33.83073,-118.3846
"30440",1.021815,2022-02-02,"Los Angeles, CA",Redondo Beach,"90277",34827.0,33.83073,-118.3846
"27838",1.5974995,2022-01-21,"Los Angeles, CA",Redondo Beach,"90277",34827.0,33.83073,-118.3846
"28693",0.5472,2022-01-26,"Los Angeles, CA",Redondo Beach,"90277",34827.0,33.83073,-118.3846
"25781",1.3495493749999998,2022-01-12,"Los Angeles, CA",Redondo Beach,"90277",34827.0,33.83073,-118.3846
"28834",0.57900375,2022-01-27,"Los Angeles, CA",Venice,"90291",26950.0,33.99437,-118.46344
"30552",0.571144,2022-02-02,"Los Angeles, CA",Venice,"90291",26950.0,33.99437,-118.46344
"34881",0.46475,2022-02-17,"Los Angeles, CA",Venice,"90291",26950.0,33.99437,-118.46344
"24666",1.507846,2022-01-24,"Los Angeles, CA",Venice,"90291",26950.0,33.99437,-118.46344
"29870",2.219184,2022-01-31,"Los Angeles, CA",Venice,"90291",26950.0,33.99437,-118.46344
"27111",0.6018309,2022-01-20,"Los Angeles, CA",Venice,"90291",26950.0,33.99437,-118.46344
"25166",1.9388865000000002,2022-01-11,"Los Angeles, CA",Venice,"90291",26950.0,33.99437,-118.46344
"36572",2.219184,2022-02-28,"Los Angeles, CA",Venice,"90291",26950.0,33.99437,-118.46344
"32807",0.187704,2022-02-09,"Los Angeles, CA",Venice,"90291",26950.0,33.99437,-118.46344
"36002",0.842898,2022-02-23,"Los Angeles, CA",Venice,"90291",26950.0,33.99437,-118.46344
"27430",0.187704,2022-01-28,"Los Angeles, CA",Venice,"90291",26950.0,33.99437,-118.46344
"33197",0.45276,2022-02-10,"Los Angeles, CA",Venice,"90291",26950.0,33.99437,-118.46344
"28641",1.029213,2022-01-26,"Los Angeles, CA",Venice,"90291",26950.0,33.99437,-118.46344
"33611",0.712746,2022-02-11,"Los Angeles, CA",Venice,"90291",26950.0,33.99437,-118.46344
"37074",1.577123,2022-03-02,"Los Angeles, CA",Venice,"90291",26950.0,33.99437,-118.46344
"26815",0.450138,2022-01-18,"Los Angeles, CA",Venice,"90291",26950.0,33.99437,-118.46344
"27018",0.477057,2022-01-21,"Los Angeles, CA",Venice,"90291",26950.0,33.99437,-118.46344
"25323",0.6018309,2022-01-11,"Los Angeles, CA",Venice,"90291",26950.0,33.99437,-118.46344
"30904",1.3961145,2022-02-15,"Los Angeles, CA",Playa Del Rey,"90293",12728.0,33.95033,-118.43721
"28742",0.57900375,2022-01-28,"Los Angeles, CA",Playa Del Rey,"90293",12728.0,33.95033,-118.43721
"36833",3.0553995,2022-03-01,"Los Angeles, CA",Inglewood,"90301",38234.0,33.95652,-118.35864
"37577",0.647424736,2022-03-03,"Los Angeles, CA",Inglewood,"90305",15042.0,33.95959,-118.33015
"31314",1.507846,2022-02-04,"Los Angeles, CA",Santa Monica,"90401",7111.0,34.01545,-118.49248
"26715",2.20008,2022-01-18,"Los Angeles, CA",Santa Monica,"90401",7111.0,34.01545,-118.49248
"26751",2.20008,2022-01-18,"Los Angeles, CA",Santa Monica,"90401",7111.0,34.01545,-118.49248
"29969",0.45276,2022-02-01,"Los Angeles, CA",Santa Monica,"90401",7111.0,34.01545,-118.49248
"33909",0.532753,2022-02-15,"Los Angeles, CA",Santa Monica,"90403",23902.0,34.03106,-118.4901
"35449",0.248724,2022-02-18,"Los Angeles, CA",Santa Monica,"90403",23902.0,34.03106,-118.4901
"32031",1.507846,2022-02-08,"Los Angeles, CA",Santa Monica,"90403",23902.0,34.03106,-118.4901
"30107",0.187704,2022-02-01,"Los Angeles, CA",Santa Monica,"90403",23902.0,34.03106,-118.4901
"35507",0.248724,2022-02-22,"Los Angeles, CA",Santa Monica,"90403",23902.0,34.03106,-118.4901
"26878",0.647424736,2022-01-26,"Los Angeles, CA",Santa Monica,"90403",23902.0,34.03106,-118.4901
"28778",0.5472,2022-01-27,"Los Angeles, CA",Santa Monica,"90403",23902.0,34.03106,-118.4901
"29433",0.5472,2022-01-27,"Los Angeles, CA",Santa Monica,"90403",23902.0,34.03106,-118.4901
"28958",1.610325,2022-01-26,"Los Angeles, CA",Santa Monica,"90403",23902.0,34.03106,-118.4901
"33121",0.248724,2022-02-10,"Los Angeles, CA",Santa Monica,"90403",23902.0,34.03106,-118.4901
"34556",0.57900375,2022-02-16,"Los Angeles, CA",Santa Monica,"90403",23902.0,34.03106,-118.4901
"32914",1.770334,2022-02-10,"Los Angeles, CA",Santa Monica,"90403",23902.0,34.03106,-118.4901
"30627",1.029213,2022-02-02,"Los Angeles, CA",Santa Monica,"90403",23902.0,34.03106,-118.4901
"24837",0.9564095,2022-01-10,"Los Angeles, CA",Santa Monica,"90403",23902.0,34.03106,-118.4901
"35796",0.5472,2022-02-23,"Los Angeles, CA",Santa Monica,"90405",28156.0,34.01179,-118.46821
"33622",0.532753,2022-02-11,"Los Angeles, CA",Santa Monica,"90405",28156.0,34.01179,-118.46821
"25673",1.075604,2022-01-12,"Los Angeles, CA",Santa Monica,"90405",28156.0,34.01179,-118.46821
"32229",1.577123,2022-02-08,"Los Angeles, CA",Santa Monica,"90405",28156.0,34.01179,-118.46821
"36490",0.300762,2022-02-25,"Los Angeles, CA",Santa Monica,"90405",28156.0,34.01179,-118.46821
"27467",0.187704,2022-01-27,"Los Angeles, CA",Santa Monica,"90405",28156.0,34.01179,-118.46821
"30333",0.187704,2022-02-03,"Los Angeles, CA",Torrance,"90502",17778.0,33.83499,-118.29292
"29356",0.5472,2022-02-22,"Los Angeles, CA",Torrance,"90502",17778.0,33.83499,-118.29292
"31571",1.7844475,2022-02-08,"Los Angeles, CA",Torrance,"90504",33410.0,33.86682,-118.33115
"30010",0.724814875,2022-02-03,"Los Angeles, CA",Torrance,"90504",33410.0,33.86682,-118.33115
"26889",1.95984,2022-01-19,"Los Angeles, CA",Whittier,"90602",25581.0,33.972,-118.02227
"36983",0.57900375,2022-03-02,"Los Angeles, CA",Whittier,"90602",25581.0,33.972,-118.02227
"34333",1.029213,2022-02-16,"Los Angeles, CA",Whittier,"90602",25581.0,33.972,-118.02227
"35362",1.914148,2022-02-18,"Los Angeles, CA",Whittier,"90602",25581.0,33.972,-118.02227
"25700",1.7884425,2022-01-12,"Los Angeles, CA",Whittier,"90604",42911.0,33.93012,-118.01225
"32407",2.519981,2022-02-09,"Los Angeles, CA",Whittier,"90606",32987.0,33.97766,-118.06579
"37208",1.297694125,2022-03-03,"Los Angeles, CA",Cypress,"90630",49205.0,33.81814,-118.03816
"26906",0.477057,2022-01-24,"Los Angeles, CA",Cypress,"90630",49205.0,33.81814,-118.03816
"24931",1.69912,2022-01-10,"Los Angeles, CA",Norwalk,"90650",105304.0,33.90685,-118.08263
"37129",1.69912,2022-03-02,"Los Angeles, CA",Norwalk,"90650",105304.0,33.90685,-118.08263
"33613",2.537744446,2022-02-11,"Los Angeles, CA",Norwalk,"90650",105304.0,33.90685,-118.08263
"32272",1.37208,2022-02-08,"Los Angeles, CA",Santa Fe Springs,"90670",16700.0,33.93301,-118.06264
"32648",0.5472,2022-02-09,"Los Angeles, CA",Santa Fe Springs,"90670",16700.0,33.93301,-118.06264
"33645",1.3495493749999998,2022-03-01,"Los Angeles, CA",Avalon,"90704",3979.0,33.38251,-118.43439
"03487",0.287823375,2022-02-23,"Los Angeles, CA",Lakewood,"90713",28202.0,33.84798,-118.11265
"30573",1.610325,2022-02-02,"Los Angeles, CA",Lakewood,"90715",20256.0,33.84035,-118.07886
"36623",0.48,2022-02-28,"Los Angeles, CA",San Pedro,"90731",60659.0,33.73334,-118.27433
"24506",2.9082689999999998,2022-01-24,"Los Angeles, CA",San Pedro,"90731",60659.0,33.73334,-118.27433
"33924",1.3456380000000001,2022-02-14,"Los Angeles, CA",Seal Beach,"90740",24307.0,33.75962,-118.07346
"30016",0.248724,2022-02-18,"Los Angeles, CA",Seal Beach,"90740",24307.0,33.75962,-118.07346
"31236",1.41522,2022-02-04,"Los Angeles, CA",Carson,"90745",56930.0,33.82124,-118.26441
"37098",0.371907,2022-03-02,"Los Angeles, CA",Long Beach,"90803",32126.0,33.76162,-118.12219
"33597",0.919107,2022-02-11,"Los Angeles, CA",Long Beach,"90803",32126.0,33.76162,-118.12219
"24841",1.683058,2022-01-10,"Los Angeles, CA",Long Beach,"90803",32126.0,33.76162,-118.12219
"37065",0.910985,2022-03-02,"Los Angeles, CA",Long Beach,"90803",32126.0,33.76162,-118.12219
"30806",1.7844475,2022-02-04,"Los Angeles, CA",Long Beach,"90803",32126.0,33.76162,-118.12219
"32127",0.48,2022-02-08,"Los Angeles, CA",Long Beach,"90803",32126.0,33.76162,-118.12219
"35504",0.9701835,2022-02-22,"Los Angeles, CA",Long Beach,"90807",32202.0,33.82795,-118.1746
"23422",0.7266485,2022-01-10,"Los Angeles, CA",Long Beach,"90807",32202.0,33.82795,-118.1746
"32935",0.9701835,2022-02-09,"Los Angeles, CA",Long Beach,"90807",32202.0,33.82795,-118.1746
"17022",1.0483375,2022-01-14,"Los Angeles, CA",Long Beach,"90813",58380.0,33.78237,-118.19686
"29589",3.0553995,2022-01-28,"Los Angeles, CA",Long Beach,"90815",41312.0,33.79581,-118.11626
"36213",0.5472,2022-02-24,"Los Angeles, CA",Long Beach,"90815",41312.0,33.79581,-118.11626
"36246",0.5472,2022-02-28,"Los Angeles, CA",Long Beach,"90815",41312.0,33.79581,-118.11626
"29213",0.5472,2022-01-28,"Los Angeles, CA",Long Beach,"90815",41312.0,33.79581,-118.11626
"27062",2.177673,2022-01-20,"Los Angeles, CA",Long Beach,"90815",41312.0,33.79581,-118.11626
"25210",0.9564095,2022-01-21,"Los Angeles, CA",Arcadia,"91007",34116.0,34.1286,-118.04825
"32563",0.57900375,2022-02-09,"Los Angeles, CA",Arcadia,"91007",34116.0,34.1286,-118.04825
"31409",0.4,2022-02-07,"Los Angeles, CA",Arcadia,"91007",34116.0,34.1286,-118.04825
"31504",0.492,2022-02-17,"Los Angeles, CA",La Canada Flintridge,"91011",20301.0,34.22161,-118.20516
"33887",0.523061,2022-02-22,"Los Angeles, CA",La Canada Flintridge,"91011",20301.0,34.22161,-118.20516
"32342",2.587888125,2022-02-09,"Los Angeles, CA",La Canada Flintridge,"91011",20301.0,34.22161,-118.20516
"36474",3.0553995,2022-02-25,"Los Angeles, CA",Monrovia,"91016",41105.0,34.15209,-118.0007
"29917",0.7622745,2022-01-31,"Los Angeles, CA",Monrovia,"91016",41105.0,34.15209,-118.0007
"36356",2.0407769,2022-02-24,"Los Angeles, CA",Monrovia,"91016",41105.0,34.15209,-118.0007
"20978",0.48,2022-02-03,"Los Angeles, CA",Monrovia,"91016",41105.0,34.15209,-118.0007
"26631",0.329970696,2022-01-17,"Los Angeles, CA",Monrovia,"91016",41105.0,34.15209,-118.0007
"36403",0.61446,2022-02-25,"Los Angeles, CA",Pasadena,"91101",21395.0,34.14657,-118.13942
"31559",0.4,2022-02-07,"Los Angeles, CA",Pasadena,"91101",21395.0,34.14657,-118.13942
"30277",0.321504,2022-02-01,"Los Angeles, CA",Pasadena,"91101",21395.0,34.14657,-118.13942
"32686",1.37549125,2022-02-09,"Los Angeles, CA",Pasadena,"91101",21395.0,34.14657,-118.13942
"29730",2.7546375000000003,2022-01-31,"Los Angeles, CA",Pasadena,"91103",27659.0,34.16898,-118.16597
"30986",0.320131,2022-02-03,"Los Angeles, CA",Pasadena,"91103",27659.0,34.16898,-118.16597
"14385",1.1266485,2022-02-07,"Los Angeles, CA",Pasadena,"91103",27659.0,34.16898,-118.16597
"36011",1.7884425,2022-02-23,"Los Angeles, CA",Pasadena,"91103",27659.0,34.16898,-118.16597
"28923",1.075604,2022-01-26,"Los Angeles, CA",Pasadena,"91103",27659.0,34.16898,-118.16597
"34089",0.532753,2022-02-15,"Los Angeles, CA",Pasadena,"91105",12617.0,34.13821,-118.16677
"35886",1.0972325,2022-02-23,"Los Angeles, CA",Pasadena,"91105",12617.0,34.13821,-118.16677
"24464",0.399,2022-01-24,"Los Angeles, CA",Pasadena,"91105",12617.0,34.13821,-118.16677
"27636",1.17037062,2022-01-20,"Los Angeles, CA",Pasadena,"91107",32503.0,34.15833,-118.08716
"30464",1.507846,2022-02-02,"Los Angeles, CA",Pasadena,"91107",32503.0,34.15833,-118.08716
"28510",0.57900375,2022-02-03,"Los Angeles, CA",Pasadena,"91107",32503.0,34.15833,-118.08716
"30080",0.248724,2022-02-22,"Los Angeles, CA",Pasadena,"91107",32503.0,34.15833,-118.08716
"35931",1.9037864999999998,2022-02-23,"Los Angeles, CA",Pasadena,"91107",32503.0,34.15833,-118.08716
"29552",0.640601785,2022-01-28,"Los Angeles, CA",Pasadena,"91107",32503.0,34.15833,-118.08716
"32302",0.48,2022-02-14,"Los Angeles, CA",Pasadena,"91107",32503.0,34.15833,-118.08716
"27906",0.842898,2022-01-21,"Los Angeles, CA",Pasadena,"91107",32503.0,34.15833,-118.08716
"36583",0.469721424,2022-02-28,"Los Angeles, CA",Glendale,"91202",23345.0,34.16785,-118.26846
"30869",1.3961145,2022-02-03,"Los Angeles, CA",Glendale,"91202",23345.0,34.16785,-118.26846
"31417",0.4,2022-02-07,"Los Angeles, CA",Glendale,"91202",23345.0,34.16785,-118.26846
"30694",1.23714325,2022-02-03,"Los Angeles, CA",Glendale,"91202",23345.0,34.16785,-118.26846
"26082",1.69912,2022-01-14,"Los Angeles, CA",Glendale,"91202",23345.0,34.16785,-118.26846
"36574",1.577123,2022-02-28,"Los Angeles, CA",Glendale,"91204",18723.0,34.13629,-118.26093
"25708",0.5185092,2022-01-12,"Los Angeles, CA",Glendale,"91206",34739.0,34.16068,-118.21352
"30188",1.33869675,2022-02-03,"Los Angeles, CA",Glendale,"91206",34739.0,34.16068,-118.21352
"34504",1.577123,2022-02-16,"Los Angeles, CA",Glendale,"91206",34739.0,34.16068,-118.21352
"26663",1.075604,2022-01-17,"Los Angeles, CA",Glendale,"91208",15860.0,34.1925,-118.23656
"34814",0.252454,2022-02-17,"Los Angeles, CA",Glendale,"91208",15860.0,34.1925,-118.23656
"23532",0.7266485,2022-01-14,"Los Angeles, CA",Glendale,"91208",15860.0,34.1925,-118.23656
"24495",1.29108,2022-01-17,"Los Angeles, CA",Calabasas,"91302",26712.0,34.12426,-118.6701
"25800",1.075604,2022-01-12,"Los Angeles, CA",Calabasas,"91302",26712.0,34.12426,-118.6701
"31701",0.4,2022-02-07,"Los Angeles, CA",Winnetka,"91306",49678.0,34.20927,-118.5754
"34190",0.532753,2022-02-18,"Los Angeles, CA",Newhall,"91321",34014.0,34.36909,-118.486
"25042",0.5329309,2022-01-31,"Los Angeles, CA",Northridge,"91324",29670.0,34.23901,-118.54958
"26383",0.329970696,2022-01-18,"Los Angeles, CA",Northridge,"91324",29670.0,34.23901,-118.54958
"26177",1.577123,2022-01-24,"Los Angeles, CA",Northridge,"91324",29670.0,34.23901,-118.54958
"31698",2.970037,2022-02-17,"Los Angeles, CA",Porter Ranch,"91326",36339.0,34.28048,-118.55758
"34597",0.48,2022-02-16,"Los Angeles, CA",Porter Ranch,"91326",36339.0,34.28048,-118.55758
"22421",2.902146,2022-01-14,"Los Angeles, CA",Porter Ranch,"91326",36339.0,34.28048,-118.55758
"32675",0.57900375,2022-02-08,"Los Angeles, CA",Porter Ranch,"91326",36339.0,34.28048,-118.55758
"26495",0.45276,2022-01-25,"Los Angeles, CA",Reseda,"91335",81824.0,34.20105,-118.54067
"28780",1.577123,2022-01-31,"Los Angeles, CA",Reseda,"91335",81824.0,34.20105,-118.54067
"36834",2.7546375000000003,2022-03-01,"Los Angeles, CA",Sylmar,"91342",94595.0,34.31515,-118.38506
"32315",0.6018309,2022-02-08,"Los Angeles, CA",Sylmar,"91342",94595.0,34.31515,-118.38506
"31290",1.610325,2022-02-04,"Los Angeles, CA",Granada Hills,"91344",53613.0,34.29392,-118.5075
"30090",0.9753725,2022-02-01,"Los Angeles, CA",Granada Hills,"91344",53613.0,34.29392,-118.5075
"34213",0.6789685,2022-02-22,"Los Angeles, CA",Granada Hills,"91344",53613.0,34.29392,-118.5075
"28703",0.5472,2022-01-26,"Los Angeles, CA",Granada Hills,"91344",53613.0,34.29392,-118.5075
"34903",1.1262037500000002,2022-02-17,"Los Angeles, CA",Granada Hills,"91344",53613.0,34.29392,-118.5075
"24776",0.320131,2022-01-10,"Los Angeles, CA",Granada Hills,"91344",53613.0,34.29392,-118.5075
"27350",0.56496,2022-01-20,"Los Angeles, CA",Granada Hills,"91344",53613.0,34.29392,-118.5075
"26406",2.7546375000000003,2022-01-21,"Los Angeles, CA",Canyon Country,"91351",32711.0,34.43321,-118.46295
"30663",2.177673,2022-02-02,"Los Angeles, CA",Canyon Country,"91351",32711.0,34.43321,-118.46295
"36005",0.57900375,2022-02-23,"Los Angeles, CA",Valencia,"91355",30526.0,34.42467,-118.58925
"35086",0.5472,2022-02-18,"Los Angeles, CA",Valencia,"91355",30526.0,34.42467,-118.58925
"30001",0.187704,2022-02-01,"Los Angeles, CA",Valencia,"91355",30526.0,34.42467,-118.58925
"29453",1.075604,2022-01-27,"Los Angeles, CA",Valencia,"91355",30526.0,34.42467,-118.58925
"22436",0.820736,2022-01-10,"Los Angeles, CA",Valencia,"91355",30526.0,34.42467,-118.58925
"36461",2.840292,2022-02-25,"Los Angeles, CA",Woodland Hills,"91364",27971.0,34.15477,-118.59509
"31416",0.910985,2022-02-08,"Los Angeles, CA",Woodland Hills,"91364",27971.0,34.15477,-118.59509
"36384",2.461348,2022-02-25,"Los Angeles, CA",Woodland Hills,"91367",45970.0,34.17705,-118.61531
"23383",1.08997275,2022-01-14,"Los Angeles, CA",Woodland Hills,"91367",45970.0,34.17705,-118.61531
"30253",0.187704,2022-02-01,"Los Angeles, CA",Woodland Hills,"91367",45970.0,34.17705,-118.61531
"35894",0.5329309,2022-02-23,"Los Angeles, CA",Woodland Hills,"91367",45970.0,34.17705,-118.61531
"35135",0.625118,2022-02-22,"Los Angeles, CA",Van Nuys,"91406",54890.0,34.19818,-118.48975
"36205",1.23861532,2022-02-24,"Los Angeles, CA",Van Nuys,"91406",54890.0,34.19818,-118.48975
"31101",0.625118,2022-02-03,"Los Angeles, CA",Van Nuys,"91406",54890.0,34.19818,-118.48975
"31514",0.4,2022-02-07,"Los Angeles, CA",Burbank,"91504",26749.0,34.20449,-118.327
"37695",0.5185092,2022-03-04,"Los Angeles, CA",Burbank,"91506",18591.0,34.17117,-118.32384
"33919",0.625118,2022-02-14,"Los Angeles, CA",Burbank,"91506",18591.0,34.17117,-118.32384
"26046",0.5329309,2022-02-04,"Los Angeles, CA",Burbank,"91506",18591.0,34.17117,-118.32384
"29510",1.770334,2022-01-28,"Los Angeles, CA",North Hollywood,"91601",36841.0,34.16859,-118.37254
"32062",1.0972325,2022-02-08,"Los Angeles, CA",North Hollywood,"91601",36841.0,34.16859,-118.37254
"25171",2.177673,2022-01-11,"Los Angeles, CA",North Hollywood,"91601",36841.0,34.16859,-118.37254
"25201",0.986078,2022-01-18,"Los Angeles, CA",North Hollywood,"91601",36841.0,34.16859,-118.37254
"25962",0.45276,2022-01-14,"Los Angeles, CA",North Hollywood,"91601",36841.0,34.16859,-118.37254
"27693",2.177673,2022-01-20,"Los Angeles, CA",North Hollywood,"91601",36841.0,34.16859,-118.37254
"25395",0.9564095,2022-01-21,"Los Angeles, CA",North Hollywood,"91601",36841.0,34.16859,-118.37254
"31402",1.07204275,2022-02-11,"Los Angeles, CA",North Hollywood,"91605",53113.0,34.20721,-118.40025
"24679",1.9634719999999999,2022-01-24,"Los Angeles, CA",North Hollywood,"91605",53113.0,34.20721,-118.40025
"32382",0.248724,2022-02-09,"Los Angeles, CA",North Hollywood,"91605",53113.0,34.20721,-118.40025
"29235",0.5472,2022-01-31,"Los Angeles, CA",Valley Village,"91607",30611.0,34.16619,-118.40011
"34468",0.57900375,2022-02-16,"Los Angeles, CA",Valley Village,"91607",30611.0,34.16619,-118.40011
"24756",0.320131,2022-01-17,"Los Angeles, CA",Valley Village,"91607",30611.0,34.16619,-118.40011
"28804",1.467576,2022-01-26,"Los Angeles, CA",Valley Village,"91607",30611.0,34.16619,-118.40011
"35944",0.78648,2022-02-23,"Los Angeles, CA",Valley Village,"91607",30611.0,34.16619,-118.40011
"34092",0.532753,2022-02-14,"Los Angeles, CA",Valley Village,"91607",30611.0,34.16619,-118.40011
"36643",0.57900375,2022-02-28,"Los Angeles, CA",Valley Village,"91607",30611.0,34.16619,-118.40011
"25146",0.407067,2022-01-21,"Los Angeles, CA",Azusa,"91702",62066.0,34.26557,-117.86721
"26814",1.7844475,2022-01-18,"Los Angeles, CA",El Monte,"91731",30222.0,34.07878,-118.04062
"31599",0.4,2022-02-15,"Los Angeles, CA",Glendora,"91741",26794.0,34.15372,-117.84368
"35442",0.9788415,2022-02-18,"Los Angeles, CA",Glendora,"91741",26794.0,34.15372,-117.84368
"30686",1.3961145,2022-02-17,"Los Angeles, CA",Glendora,"91741",26794.0,34.15372,-117.84368
"34264",0.532753,2022-02-18,"Los Angeles, CA",Monterey Park,"91754",33636.0,34.05096,-118.1446
"34288",0.6789685,2022-02-15,"Los Angeles, CA",Monterey Park,"91754",33636.0,34.05096,-118.1446
"33616",0.98462,2022-02-11,"Los Angeles, CA",Pomona,"91768",35191.0,34.06389,-117.79064
"25435",0.6018309,2022-01-24,"Los Angeles, CA",Pomona,"91768",35191.0,34.06389,-117.79064
"31033",0.910985,2022-03-02,"Los Angeles, CA",Rosemead,"91770",62703.0,34.06441,-118.08364
"26706",1.41522,2022-01-18,"Los Angeles, CA",San Gabriel,"91775",25004.0,34.1143,-118.08958
"30132",0.32136025,2022-02-01,"Los Angeles, CA",Walnut,"91789",44440.0,34.01831,-117.85463
"29435",0.5472,2022-01-28,"Los Angeles, CA",Walnut,"91789",44440.0,34.01831,-117.85463
"37574",2.83044,2022-03-04,"Los Angeles, CA",Irvine,"92602",23238.0,33.74582,-117.74867
"33782",0.53284825,2022-02-11,"Los Angeles, CA",Irvine,"92602",23238.0,33.74582,-117.74867
"25427",0.6018309,2022-01-24,"Los Angeles, CA",Irvine,"92602",23238.0,33.74582,-117.74867
"27531",0.248724,2022-01-21,"Los Angeles, CA",Irvine,"92602",23238.0,33.74582,-117.74867
"26824",1.41522,2022-01-18,"Los Angeles, CA",Irvine,"92602",23238.0,33.74582,-117.74867
"25253",1.467576,2022-01-11,"Los Angeles, CA",Irvine,"92602",23238.0,33.74582,-117.74867
"33332",0.911288,2022-02-14,"Los Angeles, CA",Irvine,"92602",23238.0,33.74582,-117.74867
"29995",0.8243707499999999,2022-02-01,"Los Angeles, CA",Irvine,"92602",23238.0,33.74582,-117.74867
"32616",1.1262037500000002,2022-02-09,"Los Angeles, CA",Irvine,"92602",23238.0,33.74582,-117.74867
"30355",0.187704,2022-02-01,"Los Angeles, CA",Irvine,"92604",28990.0,33.68814,-117.78888
"27534",0.248724,2022-01-28,"Los Angeles, CA",Irvine,"92612",33234.0,33.66077,-117.82642
"25927",0.9219618999999999,2022-01-13,"Los Angeles, CA",Irvine,"92612",33234.0,33.66077,-117.82642
"02140",0.17765,2022-02-18,"Los Angeles, CA",Irvine,"92612",33234.0,33.66077,-117.82642
"28347",0.78648,2022-01-25,"Los Angeles, CA",Irvine,"92612",33234.0,33.66077,-117.82642
"34582",0.6302205,2022-02-16,"Los Angeles, CA",Irvine,"92617",17197.0,33.6425,-117.84169
"28735",0.57900375,2022-01-27,"Los Angeles, CA",Corona Del Mar,"92625",12394.0,33.60216,-117.86558
"37323",0.647424736,2022-03-03,"Los Angeles, CA",Corona Del Mar,"92625",12394.0,33.60216,-117.86558
"29434",0.5472,2022-01-28,"Los Angeles, CA",Corona Del Mar,"92625",12394.0,33.60216,-117.86558
"33423",0.25702400000000003,2022-02-10,"Los Angeles, CA",Corona Del Mar,"92625",12394.0,33.60216,-117.86558
"32613",0.57900375,2022-02-09,"Los Angeles, CA",Costa Mesa,"92627",63161.0,33.64788,-117.92044
"33657",3.5431990000000004,2022-02-11,"Los Angeles, CA",Costa Mesa,"92627",63161.0,33.64788,-117.92044
"33991",0.45694,2022-02-14,"Los Angeles, CA",Costa Mesa,"92627",63161.0,33.64788,-117.92044
"32606",0.57900375,2022-02-09,"Los Angeles, CA",Costa Mesa,"92627",63161.0,33.64788,-117.92044
"29144",1.9486725,2022-01-27,"Los Angeles, CA",Costa Mesa,"92627",63161.0,33.64788,-117.92044
"23451",0.7266485,2022-01-10,"Los Angeles, CA",Costa Mesa,"92627",63161.0,33.64788,-117.92044
"30699",0.77663112,2022-02-02,"Los Angeles, CA",Dana Point,"92629",26877.0,33.47671,-117.70459
"28774",0.5472,2022-01-26,"Los Angeles, CA",Dana Point,"92629",26877.0,33.47671,-117.70459
"30227",1.08997275,2022-02-01,"Los Angeles, CA",Laguna Woods,"92637",16053.0,33.61015,-117.73166
"22971",0.187704,2022-01-20,"Los Angeles, CA",Laguna Woods,"92637",16053.0,33.61015,-117.73166
"37722",4.2964459999999995,2022-03-04,"Los Angeles, CA",Huntington Beach,"92647",62199.0,33.72342,-118.00667
"32037",0.450138,2022-02-08,"Los Angeles, CA",Huntington Beach,"92647",62199.0,33.72342,-118.00667
"25217",2.20008,2022-01-11,"Los Angeles, CA",Huntington Beach,"92647",62199.0,33.72342,-118.00667
"25226",0.41920725,2022-01-17,"Los Angeles, CA",Huntington Beach,"92647",62199.0,33.72342,-118.00667
"31348",2.902146,2022-02-04,"Los Angeles, CA",Huntington Beach,"92649",35278.0,33.72635,-118.05096
"36087",2.362546,2022-02-24,"Los Angeles, CA",Laguna Beach,"92651",24800.0,33.55926,-117.77647
"29825",2.219184,2022-02-04,"Los Angeles, CA",Laguna Beach,"92651",24800.0,33.55926,-117.77647
"32567",0.5185092,2022-02-10,"Los Angeles, CA",Laguna Hills,"92653",30012.0,33.59159,-117.69847
"23395",0.36332425,2022-01-10,"Los Angeles, CA",Laguna Hills,"92653",30012.0,33.59159,-117.69847
"25076",1.423872,2022-01-10,"Los Angeles, CA",Newport Coast,"92657",9802.0,33.59561,-117.83209
"37344",1.610325,2022-03-03,"Los Angeles, CA",Newport Beach,"92663",21951.0,33.62365,-117.93046
"25974",0.78648,2022-01-12,"Los Angeles, CA",Newport Beach,"92663",21951.0,33.62365,-117.93046
"34095",1.197468,2022-02-15,"Los Angeles, CA",San Clemente,"92673",30768.0,33.46688,-117.61209
"27424",0.248724,2022-01-28,"Los Angeles, CA",San Juan Capistrano,"92675",38803.0,33.50209,-117.60457
"33842",0.248724,2022-02-14,"Los Angeles, CA",San Juan Capistrano,"92675",38803.0,33.50209,-117.60457
"36972",0.2492875,2022-03-02,"Los Angeles, CA",Laguna Niguel,"92677",66314.0,33.52765,-117.7052
"23489",0.7266485,2022-01-10,"Los Angeles, CA",Laguna Niguel,"92677",66314.0,33.52765,-117.7052
"35118",1.37313,2022-02-18,"Los Angeles, CA",Laguna Niguel,"92677",66314.0,33.52765,-117.7052
"25336",0.986078,2022-01-18,"Los Angeles, CA",Laguna Niguel,"92677",66314.0,33.52765,-117.7052
"31686",1.19632625,2022-02-07,"Los Angeles, CA",Rancho Santa Margarita,"92688",44832.0,33.62008,-117.61231
"33689",1.030601875,2022-02-11,"Los Angeles, CA",Mission Viejo,"92691",50839.0,33.61064,-117.66626
"28934",0.5329309,2022-01-26,"Los Angeles, CA",Mission Viejo,"92691",50839.0,33.61064,-117.66626
"25071",0.5329309,2022-01-13,"Los Angeles, CA",Mission Viejo,"92691",50839.0,33.61064,-117.66626
"36928",1.610325,2022-03-02,"Los Angeles, CA",Mission Viejo,"92691",50839.0,33.61064,-117.66626
"25066",0.5329309,2022-01-31,"Los Angeles, CA",Mission Viejo,"92691",50839.0,33.61064,-117.66626
"30979",0.45276,2022-02-03,"Los Angeles, CA",Mission Viejo,"92691",50839.0,33.61064,-117.66626
"29208",0.5472,2022-02-23,"Los Angeles, CA",Santa Ana,"92703",69112.0,33.7487,-117.90607
"29326",0.5472,2022-01-27,"Los Angeles, CA",Santa Ana,"92705",47298.0,33.75566,-117.81639
"30876",1.3961145,2022-02-04,"Los Angeles, CA",Santa Ana,"92705",47298.0,33.75566,-117.81639
"36940",1.075604,2022-03-02,"Los Angeles, CA",Tustin,"92780",59499.0,33.73402,-117.81916
"21224",0.532753,2022-02-11,"Los Angeles, CA",Tustin,"92780",59499.0,33.73402,-117.81916
"32869",0.56496,2022-02-09,"Los Angeles, CA",Tustin,"92780",59499.0,33.73402,-117.81916
"29766",2.902146,2022-01-31,"Los Angeles, CA",Tustin,"92780",59499.0,33.73402,-117.81916
"31786",0.767168125,2022-02-07,"Los Angeles, CA",Tustin,"92780",59499.0,33.73402,-117.81916
"28557",0.320131,2022-01-26,"Los Angeles, CA",Tustin,"92782",23084.0,33.7397,-117.78471
"24880",0.9701835,2022-01-10,"Los Angeles, CA",Tustin,"92782",23084.0,33.7397,-117.78471
"29323",0.5472,2022-01-28,"Los Angeles, CA",Tustin,"92782",23084.0,33.7397,-117.78471
"30034",0.9753725,2022-02-03,"Los Angeles, CA",Anaheim,"92805",74478.0,33.83038,-117.90578
"25959",0.61446,2022-01-24,"Los Angeles, CA",Anaheim,"92805",74478.0,33.83038,-117.90578
"29207",1.0402390000000001,2022-01-28,"Los Angeles, CA",Anaheim,"92805",74478.0,33.83038,-117.90578
"26949",0.329970696,2022-01-18,"Los Angeles, CA",Anaheim,"92807",35687.0,33.84969,-117.78924
"30540",2.177673,2022-02-02,"Los Angeles, CA",Fullerton,"92832",25837.0,33.86859,-117.92897
"02720",0.5472,2022-02-23,"Los Angeles, CA",Garden Grove,"92841",33754.0,33.78689,-117.98195
"30111",0.187704,2022-02-01,"Los Angeles, CA",Garden Grove,"92841",33754.0,33.78689,-117.98195
"22747",0.76335075,2022-01-27,"Los Angeles, CA",Orange,"92866",15574.0,33.78463,-117.84471
"31411",1.714314,2022-02-18,"Los Angeles, CA",Orange,"92866",15574.0,33.78463,-117.84471
"30697",1.3961145,2022-02-03,"Los Angeles, CA",Orange,"92868",27072.0,33.78813,-117.87629
"26073",1.69912,2022-01-14,"Los Angeles, CA",Placentia,"92870",53600.0,33.88079,-117.85518
"30052",0.9143525,2022-02-01,"Los Angeles, CA",Yorba Linda,"92886",50784.0,33.89646,-117.79716
"30555",2.219219,2022-02-02,"Los Angeles, CA",Yorba Linda,"92886",50784.0,33.89646,-117.79716
"25235",2.1823949999999996,2022-01-21,"Los Angeles, CA",Yorba Linda,"92886",50784.0,33.89646,-117.79716
"28928",0.450138,2022-01-26,"Los Angeles, CA",Yorba Linda,"92886",50784.0,33.89646,-117.79716
